肖申克的救赎,9.7,1908418人评价,https://movie.douban.com/subject/1292052/,不需要女主角的好电影,恐惧让你沦为囚犯，希望让你重获自由。——《肖申克的救赎》,策划了19年的私奔……,有种鸟是关不住的.,因为1994年台湾引进了一部比较卖座的老片The Sting，被错译成了《刺激》。到了1995年本片上映时，片商觉得其剧情与《刺激》有类似的地方（大概都属于高智商的复仇？），因此被译成了《刺激1995》，1998年又有一部片子Return To Paradise因为含有牢狱情节，被译成《刺激1998》！
霸王别姬,9.6,1403527人评价,https://movie.douban.com/subject/1291546/,在野路子出身的张国荣面前，学院出身的张丰毅显得那么单薄,说好了一辈子，少一年、一天、一个时辰，都不是一辈子。,他竟当面一语点破：虞姬是真虞姬，霸王是假霸王。,这真的不是电影，而是人生。如此真实深刻地反映了从抗战前夕至文革的那段历史时期下命运凄惨的人们，渗透在每一个细节，包括那个不能忍受戏班虐打的孩子，而文革中六亲不认，人格扭曲更是展现到了极致。当然最赞的是哥哥的表演，如此悲哀可怜的蝶衣让人心痛，不疯魔不成活，人戏不分，现实的他也是如此,你凝视你的脸，几亿人在爱恋。
阿甘正传,9.5,1451202人评价,https://movie.douban.com/subject/1292720/,阿甘奔跑的意象，应该留在了很多人心里。,Mama always said life was like a box of chocolates. You never know what you're gonna get.,太甜美的美國夢,重新再看一遍，觉得奥斯卡当年颁给《阿甘正传》而不是《肖申克的救赎》，还是对的……更广阔，经得起各种解读，每个人都能找到自己的点。,"十年前看过一遍，那时还是一个小屁孩，就像Forrest的妈妈说的一样，生活就像一盒巧克力，十年前的我绝对不会预料得到现在我会成为一个这样的大男生。Forrest Gump真是把""蠢萌""这两个字发挥到极致，我的意思是，蠢萌，其实也是上帝给予的天赋。"
这个杀手不太冷,9.4,1647158人评价,https://movie.douban.com/subject/1295644/,我开始想要过得快乐，睡在床上，有牵挂,我没啥感觉的公认好片。,或许是很多姑娘大叔控的根源。,"Léon： You're not going to lose me. You've given me a taste for life. I wanna be happy. Sleep in a bed, have roots. And you'll never be alone again, Mathilda. Please, go now, baby, go. Calm down, go no...","Here in my stomach. It's all warm. I always had a knot there, and now.. it's gone."
美丽人生,9.5,921323人评价,https://movie.douban.com/subject/1292063/,很久以前看过的，永远难忘片中父亲的鬼脸,父爱构筑了一场温馨的战争，没有在孩子心里留下任何阴影。故事分裂成两部分，前半是圭多对公主的追逐，用智慧战胜了强大的求婚者，抱得美人归；后半是战争风雨飘摇时对亲情的忠诚，在迈开大正步赴死，努力保护孩子时，父爱如山，界已成神.,这是父亲所作的牺牲，这是父亲赐我的恩典。★★★★☆,前后如同两部电影。前一半有多欢脱，后一半就有多苍凉。我特别在意那位执着与于猜谜的军官，善与恶，竟然最终抵不过一道谜题，这也是一种人生的况味吧。,"世界上最美丽的谎言与微笑。Surprise her, forever!"
泰坦尼克号,9.4,1396592人评价,https://movie.douban.com/subject/1292722/,那对对死无所畏惧的老夫妇，那个不为外界干扰的乐队，那个为生而做一次假父亲的男人，那个为爱人吹响口哨的女人。都是为了一种心灵上的执着。,永远是我在电影院所看过最好的电影,还是会哭。,"生死两茫茫
不思量
自难忘",学校组织放映的影片，大家好像对rose和jack恋爱过程猎奇，但是让我感动的一幕是轮船将要沉沦，海上乐队的绅士们整理领结，肃穆庄严的弹奏最后一曲，那一瞬间，仿佛听见一首镇魂曲在响彻。
千与千寻,9.3,1491877人评价,https://movie.douban.com/subject/1291561/,"每次看这些神作的时候想到这是动画片这是一群牛人一笔一笔画出来的,就觉得漏看掉一帧都实在是对不起他们啊",最好的宫崎骏，最好的久石让。,“有些事情是不可能忘记的。 只是一时想不起来。”忘了怎么打动我的了……好像不是打动，而是震撼。,"你忘了吗?
往下飞的时候眼泪是往上流的.",我觉得这部电影激发了我对日本动画的兴趣……预言难以表述我的感受，怪诞，温暖，治愈……总之，这是我这辈子看过的最好的动画（为什么我现在才看！）
辛德勒的名单,9.5,742659人评价,https://movie.douban.com/subject/1295124/,有钱才能保护喜欢的人,印象很深刻的是黑白画面中的红色。,出门的时候，看到灯火辉煌的城市，会觉得一切幸福美好都是罪恶。。。,请看一部没有笑容的电影吧,很棒，直击人心。不知道什么时候中国也能拍出这样的电影。
盗梦空间,9.3,1400182人评价,https://movie.douban.com/subject/3541415/,1、电影确实精彩。2、没有想象的难懂，相信你自己。3、总会有一个让你记一辈子的镜头。4、请降低期待值。5、请提前上厕所。6、记得关手机。7、一定要去影院，因为影院也是个造梦机器。8、记得听完结尾音乐。因为它负责让你醒来。9、极可能是近几年你在影院看过最精彩的电影。10、穿越吧少年,“既然做梦，就做大点” 这句太深得人心了。——2010年最天才的电影。“谁又能说，现实不是梦境。” Do you remember how you got here?,这电影看完就开始怀疑人生了，类似的还有《蝴蝶效应》《骇客帝国》《心慌方》《无姓之人》《攻壳机动队》《楚门的世界》等等……其实我突然觉得这一类题材影片的鼻祖明明就是动画片《魔方大厦》啊，郑渊洁威武。,前期的口碑营销确实有点儿过了，绝对还没有达到神作的级别，但依旧是近年来最好的影片，诺兰独有的叙事技巧视觉风格以及影像语言都被完美的贯彻其中，其遵循并热爱的怀古之风从人物造型，台词蔓延到拍摄手法以及特效制作上，不过正因为如此，一些动作戏上的处理还有视觉奇观的展现则还不是那么过瘾。,概念不算新鲜但还不错 ;p 充斥许多漂亮的慢动作镜头和带点匪夷所思的建筑构想，视觉效果挺棒的！偶尔会令我想起Paprika……
忠犬八公的故事,9.4,961977人评价,https://movie.douban.com/subject/3011091/,"你要养狗,就不能当它是guest,十年可是一只狗的一辈子",“永远都不能忘记你所爱的人” 狗尚如此，人何以堪？5星给动情的真实故事。,"哭死啦...想去涉谷看看那尊雕像...by the way,那个帅老头我好喜欢...!!!",“等有一天它会给你捡球的时候，一定有什么特殊的理由” 八公用这种方式来告别了他的主人....,这次不是拉布拉多，不是金毛，是默默无闻的秋田犬~在电影的最后部分我哭的稀里哗啦，意气风发的八公老了，脏了，以前不怎么喜欢他的女主人抱着它感动的流泪，大雪纷飞的夜里因为有火车来了八公又在等，似乎是回光返照般的看见男主人一如从前那样从火车站里走出来张开双臂要拥抱他~其实狗狗什么都知道
海上钢琴师,9.3,1162426人评价,https://movie.douban.com/subject/1292001/,又是一定该看的，只在自己的世界里坚持自己的人．哪怕生命就这样消逝．只留下一点声音的碎片，１９００，也许我们都一样害怕脚踏实地的生活，害怕乌烟瘴气的世界．,给大众看的艺术家电影，很多煽情与细述很不必要，但是很多人喜欢,我就爱他说，fuck the regulations!!,键盘有始有终，你确切知道 88 个键就在那儿，错不了。它并不是无限的，而你，才是无限的。你能在键盘上表现的音乐是无限的，我喜欢这样，我能轻松应对，而你现在让我走过跳板，走到城市里，等着我的是一个没有尽头的键盘，我又怎能在这样的键盘上弹奏呢？那是上帝的键盘啊！,我想有些东西只是能在特定的环境下生长。当环境变了，其他的一切都会变。
机器人总动员,9.3,923495人评价,https://movie.douban.com/subject/2131459/,浪漫得一塌糊涂，像废墟中开出的花，像牵手散步的下午，像世上所有伟大的爱情。,陈奕迅都为你唱歌了,機器人談戀愛也避免不了男女搭配的窠臼(叫Eva倒有夠諷刺)，就更不用説亙古不變的雙眼雙手擬人造型...人類的想象力其實很貧瘠,到底有多少人是因为《机器人总动员》这个烂译名错过它的！太出色的一部动画了，你找不到替代品的。默片，看似简单又非常复杂的设计，怎么那么棒，那么感人。,Just need someone who will look after you
三傻大闹宝莱坞,9.2,1286874人评价,https://movie.douban.com/subject/3793023/,看了这部电影是我2010年最幸运的一件事 力荐！,太给力了，有史以来最励志的电影。,活在当下，不记得失，以无为之心做有为之事，你收获的会是比物质更珍贵永恒的生命体验。,它又吵又闹、又臭又长，但我想不出什么理由不给它五颗星。,第一次完整看完一部印度片。中国不如。
楚门的世界,9.3,1023055人评价,https://movie.douban.com/subject/1292064/,他用别人的相片拼凑出她的样子， 在这个虚假的，冷漠无情的世界里只有这份思念是唯一的真实,我是不是也在楚门的世界活着？,年轻时候的金凯瑞真TMD 帅。尤其一头柔顺的头发。,换句话说，他的生活就是真实的生活，如果什么也没出现什么也没发现。再换句话说，所有的配角被迫清醒地站在这个虚拟的边缘，吃喝拉撒24小时待命，意识到此刻的高潮被以亿计算的人类消费着，除此之外生活的区别只是没有摄像头对着，不用去区分真或假。精神病和真实一线之隔。坚持到底你就赢了。,神作！！！！！！！！！！！！！！！！！！！！！！！！！！！！！！！！！！！！！！！！！！！！！！！！！！！！！！！！！！！！！！！！！！！！！！！！！！！！！！！！！！！！！！！！！！！！！！！！！！！！！！！！！！！！！！！！！！！！！！！！！！！！！！！！！！！！！！！！！！
放牛班的春天,9.3,895486人评价,https://movie.douban.com/subject/1291549/,纸飞机+挥动的小手——那一刻，什么都值了,歌真好听，为什么我上学内会儿参加合唱队唱的都是《黄河大合唱》之类的,男孩的声音真是好听……,所以我一直坚信最好的教育人才应该放在学前教育和初等教育。小学老师对孩子的未来产生的影响远大于大学老师。可现状却是，大批自己都没学会怎么做人的人被随随便便扔到了小学、初中做老师，放纵霸凌，根据权势财势“因材施教”，惩罚性教育，把孩子逼上绝路就让天性不良背锅，呸。,一位影评人：“不同于一般的运用悲情拼命煽情的悲情电影，或极尽夸张搞怪的爆笑喜剧，《放牛班的春天》是一部让人因为喜悦而泪流满面的电影。这也创造了法国电影新概念——阳光情感电影。这部没有美女、暴力；没有动作、凶杀和商业元素的好电影成为了本年度法国人的心灵鸡汤”
星际穿越,9.3,1035910人评价,https://movie.douban.com/subject/1889243/,时间可以伸缩和折叠，唯独不能倒退。你的鹤发或许是我的童颜，而我一次呼吸能抵过你此生的岁月。,太壮阔了，无以言表！40'渐入佳境，80'叹为观止，120'泪流满面，160'恍如隔世…不曾如此贴近浩瀚星空，被它环抱；不曾如此触摸生命之弦，遁入五维幻境。瑕不掩瑜的科幻神作，刷新视觉的IMAX体验，观影前撒好尿，准备接受近三小时的泪腺洗礼。“爱是一种力量，让我们超越时空感知它的存在”-发自豆瓣App,赶着首映翘课去看了imax版。诺兰一直在围绕人物内心讲故事，配上宇宙孤独梗，目瞪口呆或许是夸张，但泪流满面了几次绝对是事实。很多宇宙中的片段没有背景音乐，全场安静地如梦如幻。影片结束后随着观众鼓了掌，能和这样出色的人类活在同一个时代，的确是我的幸运。 期待影片明年多拿到几个提名,2011年11月有《雨果》，2012年11月有《少年派的奇幻漂流》，2013年11月有《地心引力》，2014年11月有《星际穿越》，……前三部电影分别获得11、10、11项的奥斯卡提名，然后都拿下最佳摄影和最佳视觉效果奖，由此，我们可以预测《星际穿越》2015年的奥斯卡提名数和最佳摄影+视觉效果拿奖的可能性？……,相比诺兰之前的片子，这部显得比较慢热。然而前两段的层层铺垫终于迎来了第三段主题呈现的水银泻地。Inception仅仅一笔带过的亲情成为了这部电影的核心母题。麦康纳和查斯坦的精湛演技，胶片IMAX呈现出的影像质感，实拍特效的震撼人心，平行剪辑的完美流畅，寂寞大叔创造性的管风琴配乐，神一样的诺兰
大话西游之大圣娶亲,9.2,1011289人评价,https://movie.douban.com/subject/1292213/,无论是看第三十遍，还是第三十一遍，我都会对着那个寂寥的背影流泪。那落寞的大圣身上烙印着我青春时所有梦想，我们曾以为自己会成为盖世英雄，以为自己是这个世界的唯一，以为爱情专为自己存在，可是渐渐发现自己和别人没有什么不同，当你踏上社会时，总会有人看着你的背影说：看，他好像条狗啊！,有人跟我比赛背台词么,我猜中了开头，却猜不到这结局。/ 20141024 在影院哭死,一生所爱：我的意中人是个盖世英雄，有一天他会穿着金盔金甲，踩着七色的云彩来娶我。我猜中了前头，可是我猜不着这结局…… ,紫霞飘向太阳时、齐天大圣离开城门时，都哭成了傻逼。有多庆幸能踩着五彩祥云做你的盖世英雄，就有多遗憾没办法与你守护终身。喜欢的是五百年前的晶晶、还是给了自己三颗痣的紫霞；喜欢无拘无束敢爱敢恨的至尊宝、还是套上紧箍咒背影像狗的孙悟空？爱的命题究竟太空泛，恐怕还是要交给月光宝盒。
熔炉,9.3,619990人评价,https://movie.douban.com/subject/5912992/,人口大国什么时候能拍出这样的片子，这样在嘲笑棒子的时候才有点底气。,想起一级恐惧的片头台词来：想找公平就到妓院，想被人干才到法庭。深雾中到处是颤栗的呻吟。,。。。套用 被嫌弃的松子的一生 里面的一句话：生而为人，对不起。,一个文科生，每天背着政治生活，背四项基本原则我国的国体公民的权利。亲眼看着热搜被撤下，视频被删除，三种颜色消失不见。豫章书院还存在，赵V再也没有人提及，国乒事件最后化为一题选择题。熔炉的故事真实发生在我所在的国度。“我们一路奋战，不是为了改变世界，而是为了不让世界改变我们。”,我在想演戏的小孩子会不会有心理阴影
疯狂动物城,9.2,1197626人评价,https://movie.douban.com/subject/25662329/,完爆冰雪超能头脑，动物再次证明了动画片不止是给小朋友看的，而是全年龄段和世界级的，尖端数码特技、新意剧情、老梗新用搭配萌Q画风，乌托励志、搞笑温情、自然销魂、阴谋反转，用动物来映射人类，涉及种族歧视和两党斗争，无论从制作技术还是政治倾向或是社会意义来说，基本锁定今年奥斯卡最佳动画,故事流程对小盆友来说不艰深对大盆友也不无聊。树懒那段，跟法国公务员打过交道的都会心一笑。兔子的微表情做得很棒。然而对所有的群体标签统一嘲讽的结果就是下意识也贴了标签（比如狐狸必然聪明却捞偏门，兔子一定是繁殖癌，猛兽全是雄性，etc）。最后，可惜世界不是一部迪斯尼出品的动画片。,换了新领导就是不一样。迪士尼暗黑大电影，洛杉矶罪案片风格和内核。还真是动物乌托邦，美国针对有色人种，欧洲针对难民，天朝针对公知和五毛吗？人设精彩，细节丰富，但要说创意超《头脑特工队》显然就不实事求是了。,"想嫁给又吊儿郎当又酷得不像话的狐狸先生。
自认为是奥斯卡长篇动画的有力候选。
啊啊啊，真的好好看，我要去二刷。",超~~~~~~~~~~可爱的。大眼睛看得我都化了。一想到未来狐狸跟兔子可能有感情戏，我就hhhhhhhh。那只长耳朵的狐狸和那群二哈狼是我的笑点！！！
无间道,9.2,825604人评价,https://movie.douban.com/subject/1307914/,牛就牛在，他让所有演员都达到了巅峰,刘嘉玲说：当年拍无间道的时候梁朝伟每天只开工三四个点就回家，拍了二十多天就拍完了，之后就是获奖无数。演戏这种事，不得不承认是有天赋的。,重新对香港电影刮目相看，它从哲学的角度深入探索人性，去感受身不由己之下的那种窒息，感受贪婪与自私，体验善恶的痛楚纠结。编剧确实是相当的出色，梁朝伟的陈松仁直接神化，所有的角色都可圈可点，没有一出多余的地方，以至多年后看美版的时候仍然不忘旧爱。这是港片的里程碑。9.2,一气呵成。梁朝伟的眼神令人揪心。,经典港片，无间道，如人生~~
龙猫,9.2,864447人评价,https://movie.douban.com/subject/1291560/,那音乐壮丽的响起的时候，觉得心里被一种温暖充满，然后实在控制不住眼泪了，不是因为伤心，而是因为，它给人的感觉，实在美好到无法表达了．,如果你在下雨天的车站，遇到被淋湿的妖怪，请把雨伞借给它，你会得到森林的通行证哦,这个情节也太简单点了吧……,摸摸龙猫的鼻子胡须就会颤动起来哦=w=……看见斜眼偷瞄逃跑的小白一定要跟上去！ 童话总是在相信它的人心中真实的存在着，想起来的时候心中就会充满温暖守护的力量,宫崎骏真是个内心柔软的天才。能给这个残酷的世界这么多温暖。龙猫真像童年时的一场梦，长大之后似乎忘记了，突然看见它毛茸茸的身躯，就想起了所有的奢望。这大概就是我们得以在孤独中相互告慰的东西吧。无论怎样，成熟都是一场病，而能够治愈它的，大概只有对这个世界最温存的渴望。
教父,9.3,633706人评价,https://movie.douban.com/subject/1291841/,"男人。
千万不要记恨你的对手，这样会让你失去理智。",讲述的是一个好孩子怎么变成老大的过程,科波拉是有厌女症吧？这片子里的女人要么圣母得让人恶心，要么就傻逼得遭人烦，除了哭哭啼啼就是无理取闹。最后一个镜头，麦克成为新的教父，一道门隔开他的妻子，不是没有理由的。这是一个男人的世界。相对来说我最喜欢医院里那场戏，拍得相当有张力，第一场婚礼戏也喜欢。,平缓的节奏蕴藏着巨大的权威和张力，音乐舒缓淡淡忧伤，利益博弈人性冲突。无论是演技还是镜头、音乐的运用，都给人以一种美的享受。而看这部电影是极其需要沉下心来细细品味，也无论何时翻出来重温都能有新的感受。★★★★☆,这男人。。。牛逼又孤独吧。。
当幸福来敲门,9.1,1032159人评价,https://movie.douban.com/subject/1849031/,如果能让自己不再为光阴被虚度，才华被耗尽而流泪，如果能让自己坚定，“我不要似是而非的人生，我要自己做的每一件事都刻骨铭心”，那么这场狂热便是得其所，记住这永远不是最差的人生。,为毛不去天桥上乞讨？为毛不去地铁里乞讨？在我们这儿是这么办的。,"孩子母亲颤抖着说你会照顾好他；
装扮成时光机器来安抚孩子，子夜洗手间中独自哭泣；
“你是个好爸爸”，孩子说。
看电影的时候，我的手经常不自觉的紧握着，为那揪心的困窘。
幸福在这里敲门了，可是那些没有被敲门的人呢？",生活时常会让我们感到艰辛，并会让我们无数次目睹生命在各种重压下的扭曲与变形。——《生命不可承受之轻》,除了幸福 什么都能放弃 一定要幸福 和自己喜欢的人在一起 做自己喜欢的事
怦然心动,9.1,1188360人评价,https://movie.douban.com/subject/3319755/,某山渣树怎么好意思说自己是史上最纯？？！！！！！ 这个真打动我了。。。女孩是第二眼美女！！！！！！！！！！,………………我能給十星嗎！,萌死我算了，男主太帅了吧！,上学的时候早恋，父母反对；上班了不恋爱，父母反对。你真是羡慕人家老外啊。,斯人若彩虹，遇上方知有
触不可及,9.2,674574人评价,https://movie.douban.com/subject/6786002/,对残障人士最大的尊重，就是不要把他们当做残障人士。尊重比爱和同情心更高等级,今年看的第二部佳片。茫茫人海，两个截然不同的人相遇，你改变了我，我改变了你，相逢的人会再相逢。关于社会的贫富差距、青少年犯罪、种族歧视这些虽没有明说却在暗中映射，以此来烘托角色。富豪有钱却残疾不快乐，黑人贫穷却有一颗善良乐观的心。ps:Ludovico Einaudi的配乐很加分！,去年的法国票房冠军，来自于一个真实故事的改编。少有的不刻意煽情，原声很棒，一个老套的故事竟能讲的如此有趣，还总能时不时惹人发笑，让人感动。最后字幕拉起时，仍在回味并享受那种喋喋不休与法式优雅情怀。有时，也许你给我的，是所有人都无法触及到的。★★★★,但你们真的好容易被感动哦。,就像Ludovico Einaudi的钢琴配乐，古典，氛围，轻易就可以打动人心，我对于此人的印象，还停留在【这就是英格兰】电影原声阶段。欢乐和温情并存的法式温情喜剧，台词很精准，刻画人物的同时还让人捧腹，力道精准，火候尚佳，这应该就是点到即止的魅力！高雅和喜剧细胞还真不是随便就能学来的。★★★★
蝙蝠侠：黑暗骑士,9.2,694892人评价,https://movie.douban.com/subject/1851857/,大片中很有内涵的一部，不管是人们心中暗自涌动的对小丑疯狂灭世主义的不安的共鸣，还是对蝙蝠侠孤独暗夜行走的英雄惜英雄般同情，其实都是人们对这个世界失望的一种情绪释放。其实小丑说的很对，他和蝙蝠侠很像，都是异类，只不过蝙蝠侠把痛苦留给自己，顽固地去坚守一丝信仰，而小丑把痛苦还给世界。,Christopher Nolan太厉害了，好莱坞漫画类型片居然能拍到这样的高度...,对于这么优秀的电影来说，再多的赞美都是多余的。,“有些人并不喜欢那些常人偏爱的东西，比如金钱，他们不被收买、不会被恐吓、不可理喻、更不接受谈判，有些人就想看人间地狱。” 也只有蝙蝠侠，才能让小丑变得完整。无尽的黑暗。,当之无愧最出色的商业电影！
控方证人,9.6,260547人评价,https://movie.douban.com/subject/1296141/,"无论是剧本、导演还是个人表演，几乎都无可挑剔。机智的台词和精彩的法庭辩论，十足精彩！即便在结局前猜到了最终结果也并不会让电影在精彩程度上有丝毫削减。btw,电影最后提示请勿剧透我还真是头一会见。★★★★☆",律师三寸舌，妇人宫心计，两者皆不敌，最坏男人心，花心郎算尽太聪明，反算了戚戚性命,诙谐的对白，严谨的思路，一心要把观众往沟里带的情节。ps:我觉得那个女仆的表演也很不错！,抱着对法庭题材的偏见去看，没想到竟是一部够回味好几天的片子，不仅仅因为惊艳的结尾，整部戏就像让观者身临其境一样，思其所思、忧其所忧，黑洞一样的剧情吸引着人，最后把你完全裹住、迅速吞噬。演技、导演、编剧真是惊为天人。第一部怀德片。,演的不错，但是结局也没有说的那么玄乎吧？多读几本阿婆的书，这样的结局还不是手到擒来。 
活着,9.2,536346人评价,https://movie.douban.com/subject/1292365/,"活着就是受罪 活着就是劳累 
活着就是互相折磨 活着就是不对 
活着就是受罪 活着就是劳累 
活着还得互相安慰 活着就会憔悴 
活着就是受罪 活着就是劳累 
活着就得拼命挣扎 活着就得干脆
——尹吾 你笑着流出了泪",演员选得很好，巩俐演啥像啥。但整体没有小说感人，可能小说太残酷了吧。兴，百姓苦；亡，百姓苦。活到最后的人，往往最痛苦。,个人认为张艺谋最好的电影，可惜这样的电影被当局禁了，因为固有的自卑。9分,高度不及小说 煽情也不如 Btw，看不出为什么要禁映  2002，11,从一开始不可能让人哭，我就哭得一塌糊涂，因为这部片，又不全是。
乱世佳人,9.3,460490人评价,https://movie.douban.com/subject/1300267/,"一定要看啊,我喜欢斯加丽那种几乎有点蛮横的可爱感觉.甚至可以为了达到目的不责手段,要么爱她,要么讨厌她.她在贫瘠的大地上拿着一根萝卜说(这个,好象很搞笑)""我对上帝发誓,我再也不要挨饿!""我爱上她了!",Tomorrow is another day. 又一句该死的经典台词。,艾希礼的年龄和长相确实是个问题，我怀疑盖博当初签合同的时候是不是要求所有男演员都必须找比他难看的,将近４个钟头却还是让人意犹未尽．淋漓尽致了～,"斯佳丽很有个性的一个女人，瑞特巴特勒船长也让人难忘，费雯丽身上体现了那个时代女性独立自强的性格。

瑞特巴特勒船长太有魅力，笑着说“那是你的事情，亲爱的”。对于斯嘉丽，巴特勒船长真的是尽力了，斯嘉丽醒悟得太晚了，“tomorrow is another day”是最真实的谎言。"
末代皇帝,9.2,471551人评价,https://movie.douban.com/subject/1293172/,所有的离开你都赶不上，所有的门你都打不开。所有的人都是撒谎者。,不偏袒的好片儿！一个进自己原来的宫殿还要买票的皇帝。,贝托鲁奇镜头下的中国始终是存在于他想象中的红色国度。电影拍得过于西化了，但讨巧的用溥仪的命运承载了近半个世纪中国的变迁，进而阐释了人与命运对抗的古希腊悲剧主题。如果说人的一生是不断失去的过程，溥仪无疑是失去最多的，因为他曾经拥有整个中国...,太寂寞太寂寞了，这样一个孩子从小到大都是寂寞的，好不容易有一点儿亲情、爱情、友情，很快都被剥夺掉了。他因为寂寞而衍生出的种种行为都挫败了，最终给他带来更深的寂寞感。这也是看了这么多遍，依旧这么打动我的地方吧。真是从一开始音乐一起就难过得不行。,神作。三个小时完全不觉得长，没有一个镜头是浪费的。有人觉得这个电影太过魔幻主义。但那个时代， 这群人，不用魔幻现实主义的镜头怎么能体现的出来！尊龙太美，绝望之极时眼神里也有傲气。只可惜时代弄人。最后蛐蛐的隐喻太太太太太贴切又催泪。
寻梦环游记,9.1,997648人评价,https://movie.douban.com/subject/20495023/,香港鬼片用了不知道多少次的梗（以至于该角色一登场我便估中其身份），这一次被皮克斯用招牌风格重新包装，看得一群人哭崩长城，谢谢迪士尼。,造另类世界一直是皮克斯的最强项，而至少从视觉上说，这里的死域是我最喜欢的皮克斯世界了，亡灵节的烛光和狂欢氛围居功至伟。剧本还是一贯的纯熟，半道一个转折就脉络全通，真要说瑕疵也就是故事说得太圆磨平了棱角，就比如那个二重死亡设定本是极惊艳的创意点，到全局看还是为了造角色危机，,比肩皮克斯8-9年前巅峰水准，小台灯常带来感动，但被感动哭的只有up的开头和coco的结尾。一流想象力塑造丰富宏大亡界观，被人遗忘是“终极死亡”，“活在记忆中”是生者逝者的唯一牵绊暖心动人，不过照此设定，在亡界存活最久的大多会是历史名人而非劳苦大众，难怪要钞票上印着城门上挂着...9/10,带着期望颇高的一颗心与无意中独自承包全场的愉悦观影完毕，相对于皮克斯的原有水准这个故事中人与亡灵关系的设定还是很动人的，照片与记忆无比重要。剩下的就是各种套路了，除了绚丽的颜色没有什么能留下太多印象，分数有些虚高了,强推！又一次在电影院哭到无法自已。
摔跤吧！爸爸,9.0,1046671人评价,https://movie.douban.com/subject/26387939/,根据真人真事改编，讲述印度一块女子摔跤金牌的诞生。剧情热血逗乐，竞技惊心动魄，挑不出什么毛病的宝莱坞电影，父女情尽在不言中。阿米尔·汗太敬业了，为了一闪而过的几秒就把自己的身材从肥胖练成魔鬼，好演员都是用生命在演戏啊～,印度排名第一的电影，全球口碑已炸裂,豆瓣文青们可能已经成功被白左的西方政治正确洗脑了：不放在具体语境下，以西方女权衡量一切本来就是一种偏见和武断。在整体状况还不如中国的印度，本片已经适当地展现了一种进步的女性生活方式，即便在父权的引导之下。让符号化的解读蒙蔽影片传达的真情实感，令人感到可悲。,（看的完整版）取材真实，剧作扎实，用体育竞技片来拍父女情节剧，并改写了上到封建礼数、下到官僚制度的不变法则。有人提出片中受父权压制的价值观导向，请站在印度国男尊女卑的角度去看待吧，它明明是在拥护女性。另外结尾父亲的缺席，也暗示了女性的独立。另外，套路也是路，不要排斥套路。,最惊讶的是放印度国歌的时候电影院几乎所有人都站起来了。。
少年派的奇幻漂流,9.1,984049人评价,https://movie.douban.com/subject/1929463/,语言匮乏。就想搬个板凳坐电影院门口跟行人说：来嘛~,深邃阔海，浩缈星空，绝境谕旨接踵而来，漩流深处响起弥撒之音。李安从来都不会纵情，他只是个温柔的人，腼腆着讲述内心的哲学。,李安的片子越来越有得道升仙的感觉。。。把奇幻的世界也拍的太美了/见证上帝的说辞是真是让人羡慕有信仰真好/男主角π说人生虽然要放开一些事物，但是放开的时候还是要好好的道别呀。然后我就哭了。。。,不得不承认，跟要讲的漂流故事一样，电影有个挺吸引人的3D开头。中间开始乏力，大段大段重复的明信片场景，呼唤神灵喊妈妈。至于所谓的黑暗版，这种流于表面、直接扔给倾听者（观众）去选择的方法，真的很独到吗？信哪个会提升你的人生感悟么？？反正，它是影响不了我对影片的失望,基督在旷野修炼，魔鬼要求他展示奇迹将石头变成面包。但基督拒绝了，因为奇迹就是魔鬼的诱惑。故事出现第二个版本正是印证了这一点。它让电影主旨反转：不再是关于信仰的确立，而是它的缺失——信仰不能建立在奇迹之上，但假如你面对一个奇迹，却选择拒绝去相信，这就是没有信仰的悲哀了。
指环王3：王者无敌,9.2,508266人评价,https://movie.douban.com/subject/1291552/,终于结束了，一切如常，我却回不去了,巨制就是巨制魔幻这题材少了美刀那不是人玩的感想如下：幽灵大军战斗力堪称最强阿拉贡你早调人马来省事好多 就是看着像清鼻涕 甘道夫你这个白袍儿怎么灰头土脸没有人家萨鲁曼当得有气势捏？精灵弓箭手萌~萌~萌~一大笑点是矮人金利 四个霍比特人就数弗罗多不讨喜这是角色设定没有办法 嫁人就嫁阿拉贡介样的人不过丽芙你脸也太长了我设定成宽屏还盛不下你的脸 有人说山姆和弗罗多其实是断背我看很有根据 所谓那会心一笑一切...,一口气看完三部白金加长版，对于这样的片子，只有两个字形容：经典。相对于骇客帝国，这三部的连续性非常好，值得称赞。,亡灵奔涌那里很帅••••••,看三个小时屁股都坐酸了
飞屋环游记,9.0,910407人评价,https://movie.douban.com/subject/2129039/,最后那些最无聊的事情，才是我最怀念的。,气球升起的时候太美好了,从头哭到尾,基本是儿童剧，最感人的部分一直到屋子初飞起的那一刻，之后就一直在梦游了..=。= 原本以为一切奇想不过是卡尔在再遇女孩那晚所做的一场梦，并且第二天天亮她还会来找他的…对男孩子气的艾莉的印象实在是太深了，这片要是只选取到艾莉死时，卡尔飞起气球，就是满分。皮克斯的技术没得说，因此4星,近乎无可挑剔..
十二怒汉,9.4,306231人评价,https://movie.douban.com/subject/1293182/,"情节展开的不错，但是戴维斯主张的部分都只是模棱两可的推测，实际上挨个求证这些东西之后，孩子有可能是凶手，也有可能不是。只是控方的初期工作没有做好，辩方的交叉质询没有做好，案子应该重新调查，而不是简单的判决无罪。

看到有人截屏引用这个十一年前短评做庸俗群众代表我很荣幸。

现在我要补充的话，会说，权利机关的失职是一回事，合理质疑没有毛病，但结局判决无罪是有毛病的。因为不管群众是盲从机构推测，还是盲...",知道这是一部牛片，只是没想到居然这么牛。,罗生门，只有阐释，没有真相,精湛的表演，恰到好处的对话与矛盾设计。,一个人在与11个人持对立观点的情况下如何一一说服众人并反败为胜！
鬼子来了,9.2,422197人评价,https://movie.douban.com/subject/1291858/,一刀刘、二脖子、马大三、四表姐夫、五舅姥爷、六旺、七爷、八婶子、小碌碡...,我有个朋友说他一共看了３０多遍……,太善良、吹牛比、窝里横、不惹事、中庸，中国人的劣根性太他妈多了。这种以个体视角的抗日影片，才是王道。,留口气活着很重要，可有些事比活着留口气重要,"优秀的如此遗憾. 仿若是黄皮肤的库斯土里卡.

大三背着豆子刚刚进入县城时，姜老师用了一个跟拍的“巡礼”式长镜头为我们展示了一副日据时期小县城的风貌图。仅仅一个镜头 人物呈现之清晰 空间描摹之有力 为十余年来大陆电影之仅见也。"
何以为家,9.1,582458人评价,https://movie.douban.com/subject/30170448/,见过游乐园女神被扒光，洗过沾了鲜血的衣服，听过蜘蛛侠变成蟑螂侠的传闻。才知道美丽会变丑陋，纯净会变脏臭，英雄泯然众人，自己却无能为力。把童贞交给世界，用匕首刺穿丑陋，靠起诉状告父母，挤笑脸嘲弄命运。赞恩把婴儿交给男人，才明白自己谁都保护不了。他就站在破败的街角，仿佛人生走到尽头。,"在这里，女孩是一种商品，可以换钱；男孩是一种工具，负责养家糊口、照顾更小的小孩。
父母只管生，不管养，将孩子当做摇钱树和免费劳动力。他们不但不能给孩子带来快乐，只会给他们带来苦难和折磨。
现在做什么都要考证，做父母却不需要考证。然而并不是所有人都配当父母，也并不是生了孩子就自动成为妈妈。
他们只图一时的快活，让孩子跟着他们来到这个世界一起受苦，他们根本不配做父母。
如果不能给予孩子幸福，当初就不应...",人类究竟为什么对生育有这么大的执念？,从一句话的简介 就直击心灵 再到120分钟完整故事 一直受到着冲击与震撼。 三个看片小伙伴 开篇就哭的稀里哗啦 结束 已经泣不成声  真的是一部还没看完就想让全世界去看的电影。那句在法院上12岁的小ZEIN的发言：我要控诉父母生下我。我想让那些无法养活孩子的父母 不要生下孩子。,十年前看Caramel开始一直关注的导演，陆续听她先生写的原声，看她演的法国电影，直到Capharnaum入围此次戛纳主竞赛，成为个人List上最期待的影片。十年不见，当初所有的灵气聪明仍在，镜头却越发冷静干净。结局处的回暖，是残酷现实里女导演留有的慈悲。
天空之城,9.1,578461人评价,https://movie.douban.com/subject/1291583/,时隔十年重新看这部动画片，被海盗老婆婆那句“头发被剪掉了才是大事”感动得乱七八糟。对于一个女孩子来说，什么金钱散尽啊什么历经苦难啊都被这几个字淡淡抹掉，小小一句话简直就是箴言。,我看这部一直会哭，看了几次哭了几次，也不知道为了什么。总之，一看到手臂长长的铁皮人寂寥的站在那座城中，就控制不住了。,每一个女孩最后是不是都会变成妈打啊,人类历史上昙花一现的飞艇时代竟然衍生出了这么波澜壮阔的故事，尽管早期画风有点幼稚，但想象力就是让人叹为观止。我最敬佩的，是当初决定离开天空之城的先人，因为那需要太多的勇气！,喜欢宫崎峻的画风，单纯舒服。这些年看过很多动画电影，玩过很多游戏，有空中城堡，有机器人，都会想到天空之城。作为90年代初期的作品，他的想象力真的丰富到难以想象。
大话西游之月光宝盒,9.0,813725人评价,https://movie.douban.com/subject/1299398/,大话西游是一代人心中的经典.,【B+】小时候电视上看过很多次段落，却没完整看过。其实我喜欢晶晶姑娘多过紫霞,如果一个妖有人性呢，他就是人妖。,莫文蔚趴在地上时说了一句话让我很感动，她说，我找到了一个和你很像的人。,哈哈，星爷的经典该怎么评呢？小时候看不太懂，长大了才看懂还看过好多遍，星爷的喜剧电影是唯一可以让我看3遍以上的电影。
哈尔的移动城堡,9.0,659915人评价,https://movie.douban.com/subject/1308807/,宫崎骏的片子里。老奶奶都很丑。但都是好老奶奶。,人不漂亮活着还有什么意思...哈哈哈哈太可爱了哈尔...,爱，就是替爱人找回自己的心。,腾空徒步的那一段，最浪漫,木村拓哉的声音真是亚萨西啊……
天堂电影院,9.2,461162人评价,https://movie.douban.com/subject/1291828/,看来我要少看电影了，我的人生才是我经营的重点，电影终究只是电影啊~~,如此美丽，如此悲伤。那些吻戏，那些青春，都在影院的黑暗里被泪水冲刷得无比清晰。,《天堂电影院》是每个人的童年，每个人的家乡，每个人的初恋，是最后绵绵长长一直伴随到死，渗透到了血液里灵魂里的记忆和感觉。,"几个亮点：电影院题材；缘分错过后重逢。都是很不容易的题材。恐怖电影，电影院里所有人都捂住了双眼，只有一个男人无所谓地瞪大双眼看，转过头去，楼上也有一个面无惧色的女人在对着他笑。一切停止在此时。
",如果不走出去看看，就不会知道回来的意义。回忆的美好在于经历人生种种变数之后，想起那些简单纯粹的日子，那一滴划过上扬嘴角的泪珠。
素媛,9.2,409955人评价,https://movie.douban.com/subject/21937452/,爸爸知道女儿介意排便器的塑料声为她准备装满塑料包装纸的糖果小包，女儿知道一直跟着身后的可可梦是爸爸。,爸爸和小女孩演的都太好了，爸爸的基友一家人真不错，这样的人在世上少有了。还好孩子没有受到欺负，能有人正确的引导她，帮助她。人渣们都该死~！我哭死了,最感人的是素媛回家时那一墙的小纸条。,“你能来到这个世上真是太好了。”,泪流满面。
罗马假日,9.0,667001人评价,https://movie.douban.com/subject/1293839/,离开你 并不是因为不爱你,当他把手伸进去，她的表情美丽极了……,完美的公主，天使的笑容，魅力的男人,从他背对着走，到不自然的转身，观众和他一样，都在奢望些什么。最后整个记者会的段落，就像戏剧和现实的静谧对抗，现实赢了，却让戏剧的魅力更大。也许爱情就是，你不知道她会不会出现，但你却能肯定：她也想出现。这就够了。这样的结局不知可以完爆多少现代爱情片。,赫本一出场我真是被惊艳到了，身材高挑、五官精致、气质绝佳，无法超越的美，整个影片也拍的很好，不愧是经典，很喜欢
闻香识女人,9.1,579367人评价,https://movie.douban.com/subject/1298624/,刚开始，我觉得阿尔帕西诺演得有些用力了。但是看完，我觉得他就应该这么演。甚至那个年轻人O'Donneil也被他带动出极好的水准。探戈，演说。几近完美的一部片子。,Pacino成就了这部电影，他的每次出场都使影片散发着夺目的光芒。那段震撼人心的演说，那段迷人的探戈，还有一个盲人肆无忌惮地在空旷的街道开着法拉利……当你对着镜子缅怀青春感叹年华似水时，Al让人相信，时光对他来说只是种更为炉火纯青的化妆，皱纹也可以是种性感。,黑暗中，一个自责的灵魂时刻经历着生命的拷问，在它即将放弃、摆脱、抽身而去时，另一个亟待帮助的灵魂出现了…一个孤独、另一个迷茫，当两颗心碰撞在一起才发现，其实一直在相互扶持、慰藉、拯救…我的心谁能懂？当一切已无法承受，那一曲穿越灵魂的探戈告诉我们，什么样的生命才是真正的永恒！,"喜欢TANGO那段
",这个故事告诉我们……看得见看不见其实无所谓，长得帅怎么都行……
辩护人,9.2,412124人评价,https://movie.douban.com/subject/21937445/,一部改变现实的电影：釜山地方法院于2014年2月13日对“釜林事件”进行了二审宣判，判决5名被告人无罪，距离一审判决时隔33年。“因为国民不富裕就不能受法律保护，就不能享受民主，这种说法我是无法接受的。”——宋佑硕,“国家，证人所说的国家到底是什么？大韩民国宪法第一条第二项，大韩民国主权属于国家，所有的权力都由国民产生，国家即国民。但是证人毫无法律依据，一味强调国家安保，就把国家镇压践踏在了脚下······你是让善良无罪的国家生病的蛆虫，你是军事政权肮脏的帮手。”,法律有时候也是国家暴力机器的一部分，但法律依然是个人能够对抗国家机器唯一的武器，当国家机器想要彻底摧毁一个人的尊严和权利时，它首先想要做到的就是践踏法律。而当法律被如此践踏时，即使是最逐利的律师，也会挺身而出来维护法律。如果要问法律为什么值得信仰，这大概就是我的理由吧。,无字幕就算了 还全片釜山方言 忍住这点痛苦看完了两个小时 电影结束后跟朋友对视 决定出字幕版时一定要再看一次 怎么说都得搞清楚自己为什么哭了两次啊。。。,大家都看一下《辩护人》吧，我有一万个理由，来让你们去看，但是，请原谅我现在哭得一个都说不出来。我只想说，虽然，它是一个韩国电影，但是，它讲述的，就是中国，当下的中国，你我的中国，我们所熟悉又陌生的中国......
搏击俱乐部,9.0,609488人评价,https://movie.douban.com/subject/1292000/,一则极具颠覆性质的社会生活寓言.无能为力，无法改变现状，是现代生活中的癌症。虚无使人痛苦，使人希望借各种方式找回存在的真实感。然而现代人的精神悲剧就是，当他们自我搏斗、脱离了一种精神上的奴役的时候，不知不觉又进入了另一种奴役。影片自身所带有的一种不可言传的魔幻性与自我消解意味使它,我看这个的时候才知道，电影可以这么牛B，一直到现在，重看最多次的电影。,邪恶与平庸蛰伏于同一个母体。在特定的时间互相对峙。,前半段太繁冗，后半段太啰嗦。。,各位亲们。。。精神分裂真的不是影片的重点。。。痛是我们感受活着的唯一方式。
哈利·波特与魔法石,9.0,602649人评价,https://movie.douban.com/subject/1295038/,忠实原著有时候未必就不能打造惊喜。,我觉得这仍然是这个系列里最好看的一集吧，第一次看的时候真的惊喜死了，整体设定的展开和铺陈都让人激动，重点是哈利在这个时候是最萌最可爱的时候了，第二集开始就慢慢的长开了！对！长！开！了！,那时候是有多可爱啊，刚接触魔法的种种新鲜和刺激，比起后面的黑暗剧情以及丹尼尔越来越大叔的模样，真是怀念这里啊。,当年还是在电影院看的，波特的魔法世界惊艳展开，风靡全球。,电影院看的，还不错，哈利波特小时候好可爱，每个小演员都很可爱，现在除了几个都长糙了，为了拜托哈利给观众的印象也是拼了。
死亡诗社,9.1,475657人评价,https://movie.douban.com/subject/1291548/,开场精彩，中场尽显疲态，结局来了个绝杀，最后终于反败为胜，深入我心。凶手毋庸置疑是那个“船长”，他教会了学生追求快乐，但是却没有教会他们反抗，他教学生成为一个理想主义的诗人，却没有教会他们现实的残酷。充满理想的开篇却以悲剧性的事件结尾，理想终归要回到现实，并一直被现实压制。, 哦！船长！我的船长！,深刻并不来自死亡，而来自那对心爱姑娘眸上的深深一吻，岩洞里的昂扬青春，还有生命陨落前那最后璀璨。Carpe diem -- 换个角度，换个心态，不再一样。,"明明不是悲剧,就是不停的被感动着",这个时候他该怎么办我想，只能去死了。没想到他真去死了。sb一样的父母
教父2,9.2,349271人评价,https://movie.douban.com/subject/1299131/,个人感觉比1更好，可能因为格局更大的原因，导演的难度系数增加了不少。两代教父的故事以波澜壮阔的手笔呈现，一个是朝气蓬勃，一个是盛极而衰，最后却是殊途同归的孤独。经典修复的画质真是太感人了！,既是前传，也是续集，两条线交错着叙述，一边是创业一边是奋斗。无论镜头还是画面色调的处理都一如既往的出色。作为一部续集来说，堪称完美。但作为《教父》的续集，却始终缺了点什么……★★★★,交叉蒙太奇和结尾的闪回部分，让2的结构比1复杂了些。你是对敌人、朋友、亲人失去信心，还是对自己失去信心？想改变、想停下、想回头，却被无形的大手推着向前走的感觉，很难受吧？维多所期望的麦克的未来，是现在这个样子么？,差点屏射。alpha male之殇。你只是为了我们才佯装坚强，现在请允许我照顾你吧。我是你哥哥，我并不像他们说的那样窝囊。禁酒年代我们在加拿大运糖浆，卡车还是你爸爸的。我回以色列是想落叶归根，回美国是因境外不给寄选票。三代代代有反骨，钓鱼之前说声万福。稳重的剪辑渗透时代的厚重。服。,三个多小时的长片却没有一丝冗余剧情，教父2比教父1艺术成就更高。横跨50年的双线叙述营造出真正的宏大史诗，冷酷英俊的阿尔帕西诺和德尼罗演技超一流，镜头和画面色调依旧绝佳，剧情安排让人唏嘘感慨，忧伤无奈的配乐震撼人心！只是如此完美的经典却有些过于残酷冰凉。（9.5/10）
窃听风暴,9.1,392024人评价,https://movie.douban.com/subject/1900841/,国安局血的教训：千万别请文艺青年做秘密警察～,东诺士马克的电影用了很多当初东德的机关大楼实地拍摄， 但是监狱博物馆的馆长却拒绝了他拍摄的请求。原因？馆长说，因为东诺士马克的剧本不符合史实:整个东德历史，像魏斯乐那样“良心发现”的秘密警察，对不起，一个都没有。,专制意味着有些人可以做另一些人的主人。,作为一个专制的病人，应该拿什么来拯救自己的灵魂？,你还记不记得他听歌流泪的样子，倾斜在椅子上陶醉的样子？
狮子王,9.0,535242人评价,https://movie.douban.com/subject/1301753/,hakunamatata,我只是在必要的时候才会勇敢，勇敢并不代表你要到处闯祸。,这动画说的是龙生龙凤生凤、狮子王的孩子还是王；野心家的夺权、王子的复位，以及童年情愫、成年的炮。这动画加分都在技术项，比如使用了当时最先进的2D动画技术，现在看来也是很有美感的画面，以及太经典的歌曲，《Can You Feel the Love Tonight》一曲足矣！8.3,应该是我看过的第一部迪士尼动画电影，还是看的英文版的，绝大部分句子没听懂，光看画面当年就觉得很惊艳！,童年回忆。故事就是哈姆雷特，但画面，配乐都非常棒，特意买了原声反复听。
指环王2：双塔奇兵,9.1,466084人评价,https://movie.douban.com/subject/1291572/,每次看魔戒都会被奥兰度惊艳到~,第二部，树精很萌，甘道夫升级了，〔尊敬的用户甘道夫，恭喜你升级为vip1白袍巫师！〕→_→精灵王子吕秀才越来越帅了！,比第一部有意思，树人开闸放水冲毁艾辛格的时候，其中一个着火的树人赶紧把头伸进水里笑死我了，好萌啊。假如一开始魔戒就被丢到末日火焰哪来这么多战争和死亡，和异形一样，都是人类的贪欲，自作孽。,第二部，喜欢树精。,传奇延续，依旧震撼，精灵王子还是那么帅。
我不是药神,9.0,1413440人评价,https://movie.douban.com/subject/26752088/,“你敢保证你一辈子不得病？”纯粹、直接、有力！常常感叹：电影只能是电影。但每看到这样的佳作，又感慨：电影不只是电影！由衷的希望这部电影大卖！成为话题！成为榜样！成为国产电影最该有的可能。,"王传君所有不被外人理解的坚持，都在这一刻得到了完美释放。他不是关谷神奇，他是王传君。
你看，即使依旧烂片如云，只要还有哪怕极少的人坚持，中国影视也终于还是从中生出了茁壮的根。
我不是药神，治不好这世界。但能改变一点，总归是会好的。",放在豆瓣语境下，是部时至今日终于拍出来的国产“高分韩国电影”。拿现实题材拍商业类型片，社会意义摆在那，群戏也处理得相当不错。对我们国家而言，这样的电影多一部是一部，走一步是一步。,炸裂，哭成狗，从观影体验上看，比达拉斯买家俱乐部好，之间隔了差不多五个《动物世界》，导演处女作就这完成度，只能说剧本实在太好。我爸爸也是药神的受益者之一，否则我应该房子也没了。感谢他们🙏。,为一句“谁家还没个病人”泪流满面 感叹生命在“穷病”面前无药可救 感慨中国终于有了属于我们自己的有力量的电影 所有演员都非常出色 近年最好的群像表演 请记住这些电影人 宁浩 文牧野 徐峥 周一围 王传君 谭卓 章宇 杨新铭 王砚辉 咱们电影还是有希望的 愿中国的电影越来越好 谢谢
大闹天宫,9.3,249892人评价,https://movie.douban.com/subject/1418019/,50年过去了，中国动画不进反退，还有比这更可悲的事么。技术上止步不前，创意上才思枯竭。一群羊和两只狼的故事都被反复翻炒出N部，悲矣；当年号称十年巨制制出一部宝莲灯，贻笑大方矣。现在小孩的物质条件比我们好了n倍，但是我仍然觉得当年的我们是幸福的，因为有这么多优秀的动画片陪伴成长。,向中国早期的动画制作人员致敬！,这个无须评论。,中国动画=大闹天空，虽然对很多动画来说这样很不公平，但是，你能找出其他这么有代表性的佳作？,中国动画史上的一块金字招牌，当之无愧。
两杆大烟枪,9.1,415597人评价,https://movie.douban.com/subject/1293350/,大轮回剧情，赞不绝口。配乐无比踩点。特写连毛孔胡渣都分毫毕现。摇摇欲坠，坐在各种笑料回荡的嘴角上，寻着被烟熏的发黄的咯吱作响的牙齿，就快要从这口腔中滑落下去。笑到背气的是帅哥那严峻，放纵时而又苦逼崩溃的脸。铤而走险后疯癫狂欢，年轻人们决不会想到这一切都只是纠葛的开始。,我觉得这片儿里的小混混们都挺有型的.,貌似疯狂的石头就是在模仿这部片子。麦当娜的前夫的作品。,疯狂的石头在他面前只是浮云,（9/10）对于脸盲而言前半段大概会看得很痛苦，但后半部理清线索后会是各种神奇……不算入赌场BOSS，这片一共有五股主要势力在斗殴：欠50万的（买了两支大烟枪去抢劫卖白粉的）、卖白粉的（高尔夫球）、毒品供应商（黑人势力）、强盗团体、讨债父子和两个不认识赌场大BOSS的小混混……
指环王1：魔戒再现,9.0,524079人评价,https://movie.douban.com/subject/1291571/,甘道夫掉下桥的那一刻，我真的落泪了……,一口气看完三部白金加长版，对于这样的片子，只有两个字形容：经典。相对于骇客帝国，这三部的连续性非常好，值得称赞。,只为~～奥兰多布鲁姆,人性与其他生灵都有自身的脆弱性，所以，即使是选择了善，也有可以脆弱导向其他的方向，就像森林女王。更可怕的是，用恶的手段达到善良的目的，本质上的以毒攻毒，以恶抗恶，就像人类国王贡多的儿子，都是人类信念不够坚定，内心的力量越来越弱时产生的。 ,事实证明，我真的对西方魔幻不感冒（除了HP），无论指环王还是冰与火我都看不下去虽然都看了...看指环王每一部一小时内必睡着
飞越疯人院,9.1,416303人评价,https://movie.douban.com/subject/1292224/,“至少我试过了”  ★★★★,美国人为何会无端端诟病中国的人权问题？而我们又为何会觉得朝鲜人民生活在盲目的幸福中？正因为笼子外的人品尝过笼子内的人闻所未闻的自由。当一个人试图破坏笼子的时候，把他定义为疯子就好了。,R.P.McMurphy对体制的挑战以脑叶被切除告终，他对自由的追求失败了吗？他所有的尝试都改变了——哪怕一丁点——“疯子们”的生活环境和心灵禁锢。关于受到争议的死亡，则是酋长对完整人格的高度尊重，代表另一个层面的自由。,精神病们都是好孩子~,片末切除额叶手术和禁闭岛相似 尼科尔森的演出像是史楚锡流浪记中那位 酋长的存在 又有些类似绿里奇迹 但总体还是最接近肖申克救赎的原型——七十年代风浓郁 船上一段是为上扬气氛的最高潮 众疯人都是很有爱的小朋友 奇迹最终可以催生 反派除护士长外渲染不足 其实护士长是无耻之徒里的传奇毒贩奶奶！
美丽心灵,9.0,515210人评价,https://movie.douban.com/subject/1306029/,我发现我的一句话短评竟然造成了严重剧透，所以我做了修改，我的建议是，在先生（女士）您看到我这条短评时，请停止手贱，不要再浏览任何短评，以防剧透，立刻去看电影。您将体验电影剧情的不确定性而感到万分愉悦。,幻想又有什么不好，至少多了三个爱你的人。,与自己战斗，坚持，勇敢，相信自己。面对一切困境，克服它，朝着自己的理想前进。这是人性的光辉之处，这是人超越一切生物的闪光点。,与我想象中的不一样，很震撼人的传记电影，从中我最大的体会是：做伟人也真不容易啊~~,用精神治好了自己的精神病
饮食男女,9.1,380962人评价,https://movie.douban.com/subject/1291818/,人生不能像做菜，把所有的料都准备好了才下锅。还有就是，原来男人会一直有性欲。,老处女性饥渴献身机车男、约炮女遇渣男回头是岸、心机女挖墙脚嫁入豪门，老鳏夫暮年入花丛枯木逢春，李安导演，你牛。,我会告诉你我反复看了五遍开头？口水留成海,我也是看完这部最后笑了的人之一，两个多小时的片子却一点也不觉得长，重要的事情发生的时候都有一桌丰盛的美食，原来这就是饮食男女，我们要吃饭，我们也要生活，生活怎么能总是波澜不惊呢，必须是有着很多的问题。没有一颗细腻的心是没办法拍出这样细腻的片子的。,中国人的闷骚拍得好到位，以及，我说归亚蕾哪来的一口标准长沙话，居然真的是长沙人啊哈哈哈
V字仇杀队,8.9,729644人评价,https://movie.douban.com/subject/1309046/,忘却乃是苍生之罪过。有些人不愿意我们说话，因为尽管沉默代替了对话，言语却总能保持它的力量。它向那些愿意倾听的人们发出真相的宣告。而真相是，这个国家有些事情错得可怕。残暴、不公、歧视和镇压，曾几何时，你们拥有自由，可以按照喜欢的方式所思所言，今天你有了审查和监督，强迫你随波逐流。想,"Behind this mask is a man, and behind this man is an idea. And ideas are bulletproof. 异常兴奋，爽到窒息。",还好没摘，摘了就俗了，但是作为演员一直不露脸是不是很憋屈？这个角色80％是用声音塑造的，太TM深邃了好听了！主题很好，后面鸡皮疙瘩起的。。OST棒，尤其是中间有段弥撒曲太好听了啊！！,超好看！超感动！很有1984的味道~~~！,V真是偶心中的完美男人啊！！宽肩，细腰，翘臀，长腿，贵族的口音和品位，也有穿个粉条纹围裙做早餐的极Q时刻……面具一定要败个！
黑客帝国,9.0,523467人评价,https://movie.douban.com/subject/1291843/,其中的哲学影响我的哲学道路,一部蕴含丰富哲理的科幻巨制，袁和平的动作指导将东方武学艺术推向全世界，尼奥躲子弹的镜头成为经典~~,我都一直分不清真是和虚拟了，感觉像从一个梦掉进另一个梦里。,Matrix的母体概念比盗梦牛逼啊，只不过变性兄弟在庞大的逻辑面前没有诺兰熟练的驾驭能力唉。,这实际上是一部哲理电影……自此后子弹时间被多少片子致敬效仿……唉，基努里维斯，心中永远的男神。
猫鼠游戏,9.0,522973人评价,https://movie.douban.com/subject/1305487/,我只想说，02年小李还是尖脸呢。,这是我看过的来奥纳多最可爱的角色,他离家出走，说谎，制造不同的身份开始光鲜亮丽的生活。他是智商超群的罪犯，但是他只是个孤独的孩子。在平安夜的时候打电话给抓他的警探，在平安夜被捕的时候拥抱着他说圣诞快乐，在听到父亲的死讯以后失声痛哭，看到妈妈的新家庭以后对来抓他的警察说你们带我走吧。他终究只是个孩子。,（8/10）卡尔警官是虚构人物，但伪造犯弗兰克却真人真事，因其出色的鉴伪技术为FBI戴罪立功。必须一提的是现实中弗兰克的父母婚姻问题主要责任在父亲一方，但影片却把责任推给母亲。他的确有律师执照，但花了八周而不是两周。维基百科说弗兰克本尊在片中演一法国警察，但我没认出来。,真的很好看吗？我认为真的很不好看。
钢琴家,9.1,344183人评价,https://movie.douban.com/subject/1296736/,“我有件更暖的。”----Wilm Hosenfeld,爲何我會很憐憫那個納粹士官，至少他是鋼琴家的知音。,“你为什么穿着德国人的衣服？”“因为冷”,如今这个民族仍然在继续受苦，苍天无眼,在影院看，恐惧和难受真是无孔不入。波兰斯基以一个观察者的角度展现了波兰的二战场景，看似冷静却又是最可惧的。而人活下去的信念到底能有多强大，恐怕不到死神擦肩而过的关头是无法预料的。如果说一部电影能给人信念，那《钢琴家》就是这样。
本杰明·巴顿奇事,8.9,674169人评价,https://movie.douban.com/subject/1485260/,你可以像疯狗那样对周围的一切愤愤不平， 你可以诅咒命运，但是等到最后一刻到来之时， 你还得平静的放手而去。每个人在某种程度上都对自己有不同的认识，但是我们最后都会去往同一个地方。只是走的路不同罢了。你也有属于你的道路。,虽然明星众多，也有装逼文艺片的嫌疑，但这部片子实际有点混乱，而且似乎什么都没有说。,"我们像婴儿一般来到这个世上,又像婴儿般安详的离去.留下的,也许都在最后与心爱的人眼神交汇那一个瞬间,从眼前飞逝而过的所有故事吧.","很好,四平八稳,只是没有惊喜.",哇被两个女王睡过的男人，简直可以说是Holy cock了
看不见的客人,8.8,778738人评价,https://movie.douban.com/subject/26580232/,开。车。的。时。候。不。要。谈。情。说。爱！ 系。好。安。全。带！（认真脸）,好看，强烈推荐。问题是如此重要的辩护人竟然不是当面引荐的。,作为一部连环反转的惊悚片，此片对观众心理的拿捏是教科书级别的。不难猜中结局，但这个过程还是太精彩了。,调度上有种将阿加莎小说当代化的直感 谷仓之冰和密室的三重解答亦是对黄金时代的致敬 拍推理片需要的是娓娓道来 不急不缓的叙述 以及临近收尾时暴风骤雨般地揭晓真相 本片都做到了 虽然对于非脸盲症而言这个最早来自莎士比亚的诡计略显累赘 讲义系列若拍成电影 要的也是这种感觉,2016最佳，好久没看这种过山车式悬疑片了
让子弹飞,8.8,1095848人评价,https://movie.douban.com/subject/3742360/,姜文的个人英雄式表达，但拍得流畅热闹，复杂的剧情细节之下，是他坚持的自我，但与鬼子来了相比，他更懂得如何掩藏自己挑战的野心，这些野心都掩藏在了一流的喜剧功夫上。,说姜文用力过猛的  那只能说明您受功不够 受用不起！影志老师在各方压力下更新短评 缓和了语气“姜文导演作品里最差的，远不如《阳光灿烂》和《鬼子来了》。”  难道这也是打一星的理由？您明知道阳光灿烂和鬼子来了都是中国影史经典  难道在您看来不如经典就是一星？！牛掰就别改短评！,牛着逼！,要是姜文拍完这部电影就宣布退休，他会被封神。,姜文玩出来的电影，从头到尾都很放松，或者是太放松了，节奏总有点怪，有些情节也太儿戏。对白也不好，细节不如《鬼子来了》那么智慧，即便如此，这仍然是今年华语片最棒的。或者只能怪剩下那些太面货。请千万一定尽量降低期待。重看一遍，感觉这片舞台味真重啊。
海豚湾,9.3,275154人评价,https://movie.douban.com/subject/3442220/,我想知道的是 大地村那里的海豚屠宰场现在怎样？关闭了没有？当地的渔民是否还以屠宰海豚谋生？,看完确实很难受 但是其它被食用残杀的动物就因为比海豚低贱么...我也没办法真的素食主义..更别扭,太煽情 太主观,看关于环保，动保的纪录片的最大意义就是转化为自身的行动。现在这种片子很多，如果看到10部你还没素食我怀疑你是不是要人格分裂了。,已经多久没有哭成这个样子了
西西里的美丽传说,8.9,658306人评价,https://movie.douban.com/subject/1292402/,震撼全城的美貌，罪恶之源，情欲之源，纯真之源。这是公共意淫、诋毁、同化的典范。,关键时候男人都不出来帮他们的女神，不过如此,有人问我是讲什么的：一个青少年的性幻想和女人美到一个程度就会很悲惨（大概）。,贝鲁奇实在太美！连咪咪都美得人神共愤！男孩视角不能更动人。我们的历史总是在动荡年代，挑出一两位绝色女性，用她们的绛唇妆点狼烟，然后任之委弃风尘...,"太美,太性感.太凄凉."
情书,8.9,620727人评价,https://movie.douban.com/subject/1292220/,暗恋的极致,无论如何都会流下热泪的电影，五星又怎么够！,经不住似水流年，逃不过此间少年。彩云易散琉璃脆，水仙已乘鲤鱼去,总是点到为止的岩井俊二.,「把名字一遍又一遍的写在借书卡上，反反复复看一张并不想知道答案的英文试卷，在告别之前偷偷的把你画在借书卡背面，希望你有一天会知道，我喜欢你」整部电影的配乐都好伤感，女主角一人分饰两个性格不同的角色演绎的非常好，青春和暗恋的心情满点，话说岩井俊二的每部电影里都有几个无厘头的奇怪角色
拯救大兵瑞恩,9.0,434837人评价,https://movie.douban.com/subject/1292849/,厄本这个角色很有意思，懦弱，非常懦弱，还有一种可笑的浪漫和无知的善良。他才是你我他，对战争的残酷抱有一种可耻的畏惧，并对其有好心的幻想。可惜事实并非如此，战争就是你死我活，战争是考验勇气的时刻，而非善心。胆小的也许能活下来，但在战争中，你已经输了。而那些死了的勇士，他们才是胜利者,真正意义的大导大片，开场的抢滩和结尾的瑞梅尔血战机位控制臻入神技，牛逼的主次特写像一位幸存的二战联盟老兵啐着唾沫在回忆戎马。瑞梅尔的残破桥头，米勒上尉的身后是无尽残阳，他的面前是这个略显荒谬任务的完结，他的面前也是詹姆斯瑞恩的明天。,让我感动得哭了.,那些近乎白描式的战役刻画，真实而震撼；米勒中尉不由自主颤抖的手，是那时每个如棋子般无法控制自己命运战士的写照；在更高层面上的人性与伦理的探讨，其实已经无关紧要。,不论你如何唾弃，这就是美国！这就是人性！冒着损失一个小队代价的风险，也不能让一个母亲一天接到第四份阵亡通知书。影片开头的抢滩登陆极其写实，让人有种观看纪录片的错觉。近结尾 汤姆·汉克斯用手枪盲目下意识射击坦克最后竟然真的击爆的情节让人倍感希望。
小鞋子,9.2,266675人评价,https://movie.douban.com/subject/1303021/,说心里话，这个成为经典是靠人们摸着心评价的，不是片子本身有多好。,去年从以色列乘车去巴勒斯坦，一过国界线简直是两个世界。犹太人的地方干净富裕，阿拉伯城市就垃圾满地，乌鸦乱飞。很多小孩子拿着矿泉水和粗糙的纪念品追着我们叫卖，都是长睫毛大眼睛很漂亮的孩子。晚上看新闻，巴勒斯坦又被战机轰炸死了70多个人，真他妈难受的什么也不想说了。,身体欠佳妈妈让孩子给疲惫的爸爸倒茶，富人爷爷给认真工作的爸爸丰厚报酬，富人弟弟和哥哥一起开心玩耍，爸爸赚了钱想给妈妈买电熨斗，哥哥想跑步比赛给妹妹赢得一双鞋，老师为经常迟到的哥哥求情继续上学，妹妹把心爱的鞋子让给另一可怜人家的女儿，这另一可怜的女儿把捡到的漂亮铅笔还给妹妹……,　少年之爱，不染任何杂质，晶莹剔透。我认为这正是这部电影要表达的主题之一。当然，有尊严的活着，照样也能有如此安静而幸福的生活。影片给成人们许多看不到视角来观看这个世界,一点儿都不造作的那种 
音乐之声,9.0,402073人评价,https://movie.douban.com/subject/1294408/,原谅我，我真的不知道它好看在哪里。,不知看过多少遍的经典 阿尔卑斯山脚美如画 纯真美好得不行,有悦耳的音乐相随，有动人的情感相伴；有政治但没有阴谋，有战争却并不残酷；不愧是一部极佳的音乐电影！-2011.10.10 —————《音乐之声》上映50周年纪念日：在玛利亚的身上看到了自己的影子，喜爱大自然、喜爱音乐、带孩子们愉快到处地玩乐、教孩子们唱歌、……，满满的重温观影享受。-2015.03.02,居家旅行必备良药~,会好看的电影，音乐非常好听，男主角的小孩真多啊！好可爱
美国往事,9.2,287228人评价,https://movie.douban.com/subject/1292262/,少年子弟江湖老，红粉佳人两鬓斑,两场强暴戏毕竟是吃不消，男性的传奇之路上似乎最少不得的就是美丽而无人格的女性牺牲品,当年姜文拍阳光灿烂的日子前拉美国往事拉了五十多遍，今次看来，果然颇多神似,面条的人生。这条人参很长，长达229分钟。,如果有一部黑帮片能和《教父》比肩，在我心里它只能是《美国往事》
穿条纹睡衣的男孩,9.1,327582人评价,https://movie.douban.com/subject/3008247/,感动我的是孩子的勇气，强大的勇气。,夜里安静地看这部片子，莫名的忧伤和震撼。有时候可怕的并不是罪恶本身，而是掩饰罪恶带来的后果会让人误以为罪恶是美好的。看到结局，最后的防线被击垮了，到底该为小男主无辜的死亡和其母痛失爱子而悲恸，还是要为这死成了对其父及纳粹罪行的惩罚而窃喜…（ps.Rupert Friend太妖孽。,fuck 这么狗血的结局 看得心里好难受,如果有个惊喜的结局，犹太人反而会被妖魔化,我觉得它并不比[辛]差，不是只有透过大社会看战争才是正统的片子。父亲就算是纳粹也爱自己的妻子小孩，母亲做为女性心软，青少年容易被骟动，而什么都不知道的小孩只能接受大人给他灌输的知识。我觉得这些都是可以理解的，并不是“刻板”“形像化”的。最后的长镜头看了几遍
致命魔术,8.9,576600人评价,https://movie.douban.com/subject/1780330/,孪生蝙蝠侠大战克隆金刚狼,第二遍才发现其实那个小男孩说小鸟的时候已经道出了玄机 撒~撒~,精彩绝伦的叙事！伯德的“双胞胎戏法”决斗安吉的“复制人重生”——牺牲是魔术表演的最高精神，双胞胎选择牺牲自我，轮流分享人生；安吉同样也是牺牲自我，却拿肉体做赌注。明显开放式的结局，你猜安吉有没有把新的自己都杀死了呢，如果没有，那安吉其实还没死。我杀了你的兄弟，你杀了我的备份。,克隆出来的Hugh Jackman别杀啊，给咱一人派一个啊……,诺兰牛比阿
七宗罪,8.8,673759人评价,https://movie.douban.com/subject/1292223/,里面的布拉德皮特帅的掉渣……,决定永远不暴食,多年以后再看，还是功力和锐气并重的作品,故事看多后的后遗症就是一般最后半小时就知道结局了。。。,结局让我喜欢这部电影
低俗小说,8.8,573562人评价,https://movie.douban.com/subject/1291832/,你的漫漫人生，我有多少戏份,事实证明，编剧恒大于结构。玩弄技术者必将悲惨淹没于日新月异中，新潮变做作，做作变老土。演员都是熟人，OST很好听。Travolta有点PITT的味道，昆汀大叔妒嫉他，竟把他写死了。讨厌拳击手，暴菊黑屋子太搞了。。Maria deMedeiros甜美性感小魔女——不是LES太可惜！,文森特你不要总是在关键时刻上厕所啊喂,忘不了Uma Thurman和John Travolta的狐步舞,低俗小说，故事的高级讲法~
绿皮书,8.9,996303人评价,https://movie.douban.com/subject/27060077/,让人印象最深的片段是他们的车在南部的乡间小路上抛锚，和田里劳作的黑奴对视的那一幕，无声却发出巨响。,"Mahershala說片子里某個根本不會被人注意到的佈景里的某塊石頭或許就是V撿的。他說V在拍攝的時候，一直留心撿很漂亮的石頭，撿到了就拿給導演說：看，把這塊石頭放在背景里會有多好看
說到電影里的部分，他可能增肥了有二三十斤，從來沒見過他有那麼大的肚腩（現在似乎已經減回來了）。今天在看V表演時，大部分的時間，我忘了他是Viggo，他就是那樣一個沒文化又油滑、滿嘴跑火車的司機。
僅僅偶爾偶爾有幾個他...",赶走偏见不是靠鸣枪，赢得尊重不是靠拳头。为了如厕宁可折返，为了用餐甘愿罢演，受到霸凌不视为侮辱而视为考验，受到恩惠不视为荣耀而视为耻辱。南方劳作的黑奴看到路边的他衣冠楚楚，如同一个预言。一家上流餐厅，一间宽敞厕所，一个高档试衣间都没能容纳下的东西，却装进了一方绿色车厢，勇敢上路。,#剧作#第1点：让妻子接电话，电话内容全部隐掉，呈现妻子的表演，并描写夫妻间的感情。第2点：24分钟才出现核心道具“绿皮书”。第3点：公路片类型。第4点：到35分钟，音乐起，镜头从欢笑的人们摇到孤寂的一人。第5点：多来一条书信的线，也是一条情感变化线。第6点：43分钟，小人物开始反击，第7点：46分钟，黑人扳回一局，第8点：48分钟。意大利人解决问题独特的方式。第9点：50分钟，开始敞开心扉。第1...,这部电影的厉害之处就是剧本扎实，在人物塑造和细节上非常出彩。这趟一路向南的旅程到最后也不能让Dr. Don Shirley证明自己在白人心中的地位，他身陷孤独境地也没人帮得了他，除非他自己跟自己和解，自己去完成一场关于自我的救赎。它并没有刻意说教的去讲什么，但每个人都能从中看到不同时代某些群体的遭遇，不仅仅是黑人和白人这么简单。这部电影的主题正如片中那句点睛的台词所说的，因为天才还不够，唯有勇气才...
沉默的羔羊,8.8,570278人评价,https://movie.douban.com/subject/1293544/,正是因为米国没有卤煮火烧和烩羊杂，就连爆肚、溜肥肠，酱爆肝尖，火爆腰花什么的都没有，所以作为美食家的汉尼拔很尴尬，常常为了一份食材而绞尽脑汁，大费周章，其实。北京欢迎你，大可满足你顿顿吃卤煮的愿望。,安东尼·霍普金斯的顶级表演~~,“颇具匠心地将恐怖片与侦探片结合成一体，采用希区柯克式的悬念手法和现代恐怖片的心理分析，将观众引入了象征性的潜意识的世界。警察为了捉一名杀人狂魔而不得不求助于另一名杀人狂魔，这本身就具有强烈的荒诞与讽刺意味。影片一直在寻找人类社会的恐怖之源，最后得出了一个“由于秩序本身的问题造成的，反过来危及秩序的犯罪病例”的结论，这使得影片具有了一定的社会意义。”,一点也不恐怖,親愛的朱迪，當時我還不懂人為什么會有那麼深沉的夢魘……
蝴蝶效应,8.8,634098人评价,https://movie.douban.com/subject/1292343/,我们每个人，都会幻想能够改变过去使目前的状态更好些，或者希望过另一种生活成为另一个人，这部电影反映的就是这种想法以及假如我们真这样做的结果。埃文不停的改变过去的选择，希望能够找到一个完美的未来。可事与愿违，往往导致更加悲剧化的结尾。人类对自己的认识一度忘乎所以，以为自己就是上帝，而最终仍将认识到自然的种种限制，但正是这种限制，体现了生命的意义、抉择和努力的意义。当我们回首往事，自然会对以往的错误感...,都是我们至尊宝玩剩下的……,"★★★★ (2004-12-17) 其实比起电影本身，还是更喜欢那段影评：“量子力学的平行多宇宙解释说，在交叉小径的花园里，总会有一条道路，让人们在生命中的每一个节点都得到幸福，在那条完全幸福的道路上，有且仅有一个你在行走。
这是多么令人宽慰啊，在每一次铭心刻骨的选择里，总有一个你选对了路，在茫茫的恒河沙数的宇宙里，总有一个你，终生幸福。”","尽管有破绽,但是构思的巧妙和创新足以弥补,不能用科学的角度来分析艺术",人的命运被自己瞬间的抉择改变。
被嫌弃的松子的一生,8.9,512944人评价,https://movie.douban.com/subject/1787291/,"　　""小时候,谁都觉得自己的未来闪闪发光,不是吗 　　但是一旦长大,没有一件事会遂自己心愿"" 　　 　　她总是想着办法，即便是些常人看起来怪异可笑的办法来面对不太公平的生活遭遇． 　　 　　看得我真他妈压抑. 　　我就是无比恐惧自己的生活会变成这个样子 　　导演和编剧把我对我生活的梦魇般的臆想变成了胶片",这个故事是对“少女情怀”赤裸裸的嘲讽！,【就算被打，也比孤独一人好】如果单拎出一段来看，一定会被浓烈的色彩、童话般的氛围和OST给骗了，其实这是一个在讲述“破碎”的故事，为了取悦别人松子不断的付出着钱财肉体灵魂乃至一切，可生活的变故却让她不断的破灭破灭再破灭，但她还是一次次站起来了，为松子鼓掌，操他妈的生活。,生まれて、すみません。,极度艳丽如舞台剧一般的画面，极其难以做出的表情，表面上看极为悲惨的人生——但实际也正如乌兹别克斯坦女孩所说，人的价值不在乎得到多少，而在于付出多少：如此看来，松子的人生真的是丰富多彩的幸福，残缺正是作为人所应有的，总之彪悍的人生不需要解释。OST超赞的....^^但影片结尾略冗长
春光乍泄,8.9,426007人评价,https://movie.douban.com/subject/1292679/,光棍节给自己准备的电影《春光乍泄》，根本就是找虐。。。。黎耀辉简直是八心八箭4个9的纯GAY，极品中的极品，GAY中的爱马仕，GAY中的劳力士，GAY中的劳斯莱斯，上下5000年不可多得的尤物！！！我想变男人要这样的男朋友啊啊啊啊,总是觉得，站在瀑布下的应该是两个人。,摄影助理 黎耀辉 何宝荣，王家卫你太坏了,从来只有半部的《春光乍泻》,其实何保荣才是彻底的loser。你去了瀑布你难过悲伤可是你回到了地球另一端，而他还在那儿假装依然可以重头来过，你却再也不出现。（最好是，收拾好一切，再也不见）
禁闭岛,8.8,631292人评价,https://movie.douban.com/subject/2334904/,非阴谋结局 泰迪确实病了 最后泰迪是被治好了 但他不愿活在痛苦中 因而假装自己又犯病了而去做切除手术,好吧，其实这是部*绝*对*不*能*剧*透*的电影。恩！,结局是开放式的，随便你怎么演绎都有理。所以大概不能断定说看到一半就猜到吧。,他到底会像怪物一样活着，还是会像好人一样死去呢？,没新意又无趣。马大师新不如旧啊新不如旧。DiCaprio都发福成老熊了，叫Teddy真是实至名归
心灵捕手,8.9,472545人评价,https://movie.douban.com/subject/1292656/,我每天到你家接你，我们出去喝酒笑闹，那很棒但我一天中最棒的时刻，只有十秒，从停车到你家门口，每次我敲门，都希望你不在了，不说再见，什么都没有，你就走了，我懂得不多，但我很清楚。,“我们的小缺点让我们找到对的人。”没有谁是完美的人，最亲密的人就是能够完美的接受对方的不完美。在那个年代，有许多这样的励志影片，或许现在回头看会觉得俗套说教，但精致的对白，动人的配乐，达蒙与罗宾的飚戏，始终会有抓住你的地方。生活有時候只是一种伪装，真正的声音源自我们内心。★★★★,我想找个像Sean一样懂爱的人。,这个世界总有对不起你的时候，这让你好像除了防御之外再也做不出来任何动作，不知道我们到底要体验多少才能懂得一个很简单的道理，不知道要过多久要靠多少机缘巧合，才能有一个人对我说：it's not your fault,"这部电影让我明白了三件事：
——什么是真正的爱情？
——什么是真正的朋友？
——成功，不在于你取得了什么，而在于寻找自我。
（不过，不太像是范.桑特的电影风格）"
布达佩斯大饭店,8.8,597383人评价,https://movie.douban.com/subject/11525673/,这不仅仅是一部电影，它是游戏，是童话，还是一件艺术品，将作者化的美学风格、形式感和怀旧的主题完美融合！无论从故事、剧作、主题和美学，它的辨识度都只属于自己，对于韦斯·安德森的粉丝，这是杰作！,自从天使爱美丽之后似乎就早已看腻了这种游戏形式的电影，再美的摄影和美术似乎也不再能吸引我。整个片就像里头那个甜点，有一种甜腻了甜恶心的感觉。故事简单人物脸谱化单薄无趣，看不下去中间几乎在影院睡着。说是向老片致敬但从头到尾把对称构图用到吐，相比之下这方面还是the artist比较高明些。,故事并不怎么吸引人，完全靠导演的个人风格来博取毫无鉴别力观众的好评。,依然还是韦斯-安德森标志性的复古色调、悦耳配乐，神经兮兮的冷幽默。不像前作那么随意松散，《大饭店》故事紧凑、层层剥茧，而且居然有点“重口味”。也许只有韦斯-安德森才能把一个混合谋杀、越狱、械斗的故事拍得那么喜感。,一张寄往旧时欧洲的精致明信片，L’Air de Panache的味道充斥整个屏幕，冷幽默和由慢至快的节奏依旧，尾声的高潮之后迷漫着令人惆怅的尾香。逝去的终将逝去，这童话式的一瞥令人难忘。
海蒂和爷爷,9.2,224835人评价,https://movie.douban.com/subject/25958717/,人至善，景至美，故事细腻，淳朴动人，人生本该如此，温情永存，何惧苦难？,难怪看到片名有种莫名的熟悉感，看正片后才知道这与高畑勲导演、宫崎骏担任场面设定的动画片《阿尔卑斯山的少女》改编自同小说《海蒂》，简直惊喜到不行。……故事温情脉脉，风景怡情养目，一段醉我心脾的观影历程。……有时，我以为看过几千部电影，会审美疲劳，可当碰到心仪之作依然能看得身心愉悦。,“大家都笑我，因为我想写故事”“那是因为大家知道的太少，而你看过更大的世界。如果你觉得这个世界有那些东西会让你快乐，就去做，无论别人说什么”,如果生活中有什么使你感到快乐，那就去做吧，不要管别人说什么。风景好美，三个孩子也好美。我们的天性呢，总感觉没有恣意地释放过，也想在满是蒲公英的山野，赤脚张开双臂奔跑一次。克拉拉的奶奶真的是个很睿智的教育者。,想说的是：这才是人生中最美好的童年时光。
勇敢的心,8.9,430324人评价,https://movie.douban.com/subject/1294639/,所有的人都会死，但并不是每一个人都活的有意义。,Freedom！自由从未来得这么震撼心灵过~~,综合一切娱乐元素的优秀电影。,被曲解的历史，詹姆斯霍纳的巅峰配乐,"其中有一个场景很享受,大约是最后30分钟,华莱士的伙伴重新聚集力量,向其他人宣传华莱士召集士兵做战前准备，而华莱士独自一人登上高山顶峰,那一刻音乐背景画面以及心灵都异常的充实满足。因为这部电影爱上了苏格兰音乐，充满异域风情，风笛太好听了"
剪刀手爱德华,8.7,770192人评价,https://movie.douban.com/subject/1292370/,有时候卑劣的人性才是剪刀。,孤独本是生命的常态,Adward脆弱的眼神永远忘不掉,佩格居住的小镇是画笔般彩色的，这里的人们好奇热情也多疑。爱德华获得明星般的关注，也在人类的世界遭遇讨伐。金对于他，永远只能是剪刀下冰雕的女神像，无法拥抱，无法守护。完美的悲剧童话，如同后来每年的雪。 ,当年看的还是没有字幕版的。英文那时候还不是很会，看的真的就是表演了。很出色的片子！启蒙片
阿凡达,8.7,910737人评价,https://movie.douban.com/subject/1652587/, James Cameron闭上眼，全是电影的明天。,阿凡达同时也揭示了女人的悲惨命运，主角与他的空中坐骑即是说明这个问题：选择她，她挣扎，插入她，她被俘获，甘心被他骑一辈子，众叛亲离之时，只有她在身边，魅影出现以后，她消失无踪，他再也没有寻找与过问。,已经不是在看电影了，是在比谁Wow的次数多，眨眼次数少。,汗，这片基本论调就是反人类嘛。这个电影是一定要去影院看的，就算没有IMAX，起码也要看个3D的。而下载党和碟党都可以考虑放弃这个电影了。因为除了视觉刺激，单从剧情看，有太多值得选择的电影。,从现在到未来，从地球到潘多拉，《阿凡达》再次告诉我们，要想泡到一个姑娘，有一辆好车是多么的重要啊～～
天使爱美丽,8.7,739379人评价,https://movie.douban.com/subject/1292215/,有没有人觉得和重庆深林里的王菲有点相似？,全心全力关怀他人 总比自怨自艾来得好,洋溢着法国人的性格风情,配乐大好，剪辑大好.别的不够好. 至少不对胃口 到现在只对片子最开始的部分 也即艾米莉的自述印象深刻了 尝试做爱如何，但是感觉不太好. 那个微笑的表情,浪漫到骨子里，忧郁，神经质，跳跃，文艺是很典型的法国电影啊！喜欢的人为它如痴如醉，不喜欢的人看的昏昏欲睡，两种极端。我只能说非常好，非常适合一遍一遍地欣赏。艾米丽是天使，拥抱世人，容纳那些不美好。
摩登时代,9.3,185424人评价,https://movie.douban.com/subject/1294371/,"惭愧死了，这才是我第一次真正看卓别林的电影。在放映之前我还想，为什么人们要叫他“大师”？不就是一个演员么。结果几秒以后，字幕上映，导演，编剧，主演，甚至音乐配乐都是卓别林创作的。我完全被震撼，真的是大师啊……

这是一部又辛酸又喜剧的片子，对当时的社会不论是在工业，政治，还是生活",有些电影永远都有一个别名叫做——经典~~,当人不再是人，而是机器,他是个天才。|他们两个坐在草地上遐想向往的生活的时候，神情是多么的美好啊~,  那时的人们尽管贫穷，但很善良，不禁让人反思，物欲横流的今天，现在的人们又是怎样的呢？
加勒比海盗,8.7,602875人评价,https://movie.douban.com/subject/1298070/,这次重温的感想主要是：准将（伊丽莎白的未婚夫）是个好人。超级大好人。（泪）,杰克船长你肿么了，整天扭来扭去的……故事线还是弱了点，这片子在家看碟纯属浪费。,加勒比海盗这一系列我都特别喜欢，喜欢杰克幽默风趣，顽强，坚韧勇敢，像永远也打不死的小强，还有他的黑珍珠海盗船，太神奇了！,船长登陆那一段，有点创意。,放荡不羁的杰克船长，以海为家，以船为马的海盗们，那是属于你们的航海时代，升起骷髅旗，去远航吧！
致命ID,8.8,529256人评价,https://movie.douban.com/subject/1297192/,作为悬疑和惊悚片是非常成功的，但作为多重人格可能并不合适。人格能简单这么消灭的么？既然是在想象中，为何不能被再度唤起。,最不可能的那个人永远是最可能的,对阿婆的《无人生还》的一个相当有才的致敬。,这种患者还是处决了为好啊。,编剧的功劳。另外男主角怎么长得酷似凯文斯派西呢....演技不错。
喜剧之王,8.7,625935人评价,https://movie.douban.com/subject/1302425/,我养你啊！,以前看的时候，电影里真正隐含的意思我都不懂，但当我慢慢长大，经历的东西越来越多的时候，再回顾这些，我能领悟到星爷电影里人生的真谛，同理也可以套用在《大话西游》。ps，每次看到那句“我养你啊！”都会毫无疑问的飙泪。★★★★☆,我最讨厌别人不擦润唇膏了！每次看到嘴上干裂起皮都忍不住想要亲上去！所以你要多擦一点润唇膏啊！你到底要不要我给你擦润唇膏！——好喜欢这一段，那时的张柏芝漂亮的无法用笔墨形容，脚趾甲上涂着五彩的颜色，小巧的下巴和明亮的眼，根本就是个小妖孽。【MD电影短评怎么字数限制这么短！】,星爷最好的三部电影之一。,不工作你养我吗？我养你啊！尹天仇对柳飘飘的爱就是这么简单又真挚，没有太多甜言蜜语，却一句让你温暖心窝。虽然事业屡屡受挫，但是不妨碍他那份对演员事业的热爱。喜欢他这种不怕挫折迎难而上，有机会会牢牢把握的人。但是，如果只为生计，有时候可能也要看方向的选择。但是尹天仇好像要追梦！祝福！
断背山,8.8,512265人评价,https://movie.douban.com/subject/1418834/,老公哭的稀里哗啦，我怀疑他有隐情，所以我都没看进去……,【剧透】你有一个挚爱你的人，但我不敢说你也挚爱着他，因为你有太多的怯懦。我当然知道你爱他，你哭着对那两件衬衣发誓，让我也跟着掉泪。只不过我还是会想：或许你更爱你自己。他死了，再也不能爱你了，你后悔了吗？,看来我没有弯的潜质，一上来我就把攻受猜反了,原来男人与男人之间，也可以爱得这么唯美,He was a friend of mine.
幽灵公主,8.9,376233人评价,https://movie.douban.com/subject/1297359/,宫骑骏就是个生态环保大师啊。,尽管由五小时缩减至两小时略显晦涩，尽管为商业目的加入过多感情戏，然而剧本酝酿长达十六年的本片是宫崎骏的顶峰与转折。史无前例的13.5万张胶片，CG技术与吉卜力少见的血腥镜头带来一系列视觉及心理上的震撼，宫崎骏放弃了理想主义，将人与自然视为不可调和的两个极端，指出人类首要问题是生存。,宫崎骏最好的作品，在内涵的深刻性、复杂性及广度上都超越《千与千寻》。久石让的交响乐恢弘苍凉，宛如天籁。片中角色都不是善恶分明的脸谱化形象。血肉横飞的黑暗场景与单纯可爱的小精灵形成鲜明对比。关于仇恨与宽恕，关于无尽的冲突，关于人与自然循环往复的角力，没有出路也要活下去。（9.5/10）,宫崎骏果然是最关注女性的导演之一。,都不知道在说些什么，但是受伤的时候很让人心疼
杀人回忆,8.8,433204人评价,https://movie.douban.com/subject/1300299/,这并非一个寻求真相的故事，而是关于真到底相如何被整没了……,"总之一句话，一部让人窒息却欲罢不能的作品，喜欢所有演员的表演，韩国电影的颠峰之作。★★★★★

",还好柯南最后没出来,好狠，楞是悬而不破,那种抓不到、还被调戏的无力感
入殓师,8.8,437113人评价,https://movie.douban.com/subject/2149806/,整矫情了..做殡葬业需要那么多感怀身世和心理建设吗...在我们中国，这是一个超级暴利而令人羡慕的行业,我觉得这个电影不是讲死亡 甚至什么追忆怀念云云 而是讲一个人在逆境中如何面对世俗的目光生活 从在意别人的眼光 到最后在工作中找到自己的价值 高度认同它 与世界沟通 还有宽恕他人 从而达到自我的新生 从这个角度来讲 这部电影是更像是一部励志片 而不是简单的感情片,孝，最不能等,奥斯卡最佳外语片，这应该是继黑泽明那部《徳苏乌扎拉》后日本又一次赢得此奖项。日本人总能抓住人类内心的那份感情，而且能用电影语言表达出来那种共鸣感，这次他们对于人生死亡的态度，深深地让世界为之感动，影片缓慢细腻，用最实在的真情打动了人类的灵魂。,既然死是每个人终须面对的，何苦还挣扎于那些无谓的事情上？喝过的酒、爱过的人、浪费过的力气、余留下的残念、望不见的未来……凡此种种，终有一天烟消云散。我仿佛看见玫瑰落在眼睑上，作无人之眠。那里是我们曾眷恋和执着过的生命，还有无法逃离的死亡。
狩猎,9.1,232799人评价,https://movie.douban.com/subject/6985810/
阳光灿烂的日子,8.8,432389人评价,https://movie.douban.com/subject/1291875/,“我的故事总是发生在夏天。炎热的气候使人们裸露得更多，也更能掩饰心中的欲望。那时侯，好像永远是夏天，太阳总是有空出来伴随着我，阳光充足，太亮，使得眼前一阵阵发黑”——电影《阳光灿烂的日子》开场对白,再也没有这样的时候了。被禁锢的青春里面溶着化不开的酸涩。年轻的时候爱一个姑娘，就可以奋不顾身的把所有逞能的事情都做完。长大了以后就不会了。不是不爱姑娘了，而是理智的弦告诫你自己再这样做是多么蠢的一件事情。,……这时我把硬币夹紧问她第三个问题：“你和第一个男人睡觉时他都说了些什么？”她抽硬币，因为我用力夹紧，她无论如何拔不出来，便道：“你夹那么紧，我哪拔得出来。”——王朔《动物凶猛》 ,姜小军的自传式处女作，回避文革时代的是非混淆黑白颠倒，用丰富的艺术手段和荒诞的表现方式，消解权威、解构神圣，再现成长的喧哗与骚动，青春的梦幻与激情。明明是最坏的时代，却也是他们最好的时光，甩当下青春打胎片一个世纪。,那阳光，灿烂到心里
重庆森林,8.7,542470人评价,https://movie.douban.com/subject/1291999/,"那时她还被叫做王靖雯,小鹿様闪烁的眼神,细痩无邪的身体,疯狂的暗恋也不过是纯真执着的本能",最喜欢的一部王家卫片子。喜欢王菲的那种“我爱你与你无关”的单纯，喜欢她把唱碟机开到最大，摇头晃脑地听着mamas&papas的《california dreaming》的样子~~,喜欢王菲那段.,只有寂寞没有期限,重看了王菲－梁朝伟演的后半段，瘫倒了，太美好太美好！墨镜把爱情中与身体、力比多、占有无关的非物质性的那部分浪漫化到了极致！错位，颠倒，迷失，梦幻，不可触及，这大概即是爱情最动人的特质，也是香港这座城市最吸引人的特质。
第六感,8.9,371894人评价,https://movie.douban.com/subject/1297630/,看到最后眼泪哗哗。。的惊悚片。。。,还好我没知道结局就看了。,又是一部以结局见长的电影,这小孩太正了！,他们无处不在，就像正常人一样到处行走，他们彼此看不到对方，只能看到他们想看到的东西。-“你想要什么？”-“我想要不再害怕……”
请以你的名字呼唤我,8.9,410507人评价,https://movie.douban.com/subject/26799731/,elio坐在火炉前，一会儿落泪，一会儿抿着泪水笑了，一会儿眼睛里又恢复了冷漠，仿佛在短短几分钟内，他把那个夏天又度过了一次，且此生还要度过很多次。,相对于这样一场爱情，我更需要这样一栋房子。,“我无法忍受沉默，而与你交谈恰是良药”两个人最好的状态是，你会啃我下手过的桃而我心里只有你将离别的悲伤，原来很早之前就在球场上暗示过喜欢你。“每开始一段新的感情，我们能给予的便越少，但为了让自己没有感觉而不去感觉，多么浪费…别让这些痛苦消失，也别丧失你感受到的快乐”2017最佳！,美术，摄影与恰到好处的配乐都太出色了，美好的夏日时光，恰好对应初恋的故事。这个导演在影像上一直很有特点，也非常突出。最后一场戏确实厉害，一点点渗出的感伤。虽然当时看的时候，也就是觉得还好，还不错，之后倒是总想起结尾那场戏，看起来，还是记住了。,"看书的时候就像我的日记被人偷看了一样, 几乎每一个细节和心理描写我都能感同身受. 电影还原地很棒, 但是你们这样刷高分会让人觉得LGBT群体没看过什么好电影"
小森林 夏秋篇,9.0,276169人评价,https://movie.douban.com/subject/25814705/,那些静得只能听见呼吸的日子里，你明白孤独即生活。,为什么看别人做饭是件愉快的事，自己做就烦躁呢。为什么别人可以把做饭当成日常，你却做不到呢。我陷入了深深的思考。,呃，原来是舌尖上的日本农村……农村的生活能有这么优雅就好了，干了一天农活还有力气花几个小时做酱，晒不黑，手上不长茧……没有电影没有鼠，也不听音乐，才不想过这样的生活……,桥本哥演出了吃货的本心，一边捧着小鸭子说好可爱下一秒就开始平心静气的磨刀嘴角含笑的杀鸭肢解，大写的帅。,人生在世，无非就是过日子，而如何能让过日子变的有滋有味，我想不到除了充实的劳动/工作+美味的食物更好的方式了。桥本爱不矫作真自然，让人心生欢喜宁静。也许中国需要等待很久很久之后，才能拍出这种气息的片子了。
哈利·波特与死亡圣器(下),8.8,495045人评价,https://movie.douban.com/subject/3011235/,我们的童年结束了，希望下一代人的童年里还会有魔法师，还会有霍格沃茨。,经历了Pt. 1的铺垫全片只有高潮. 零点首映结束后全场鼓掌很久. 于是余生就再也不会有新的Harry Potter电影了.,丹尼尔终极大叔的面庞标刻着我们的少年时代彻底完结,3.5★ 不談感情，這是我看完HP7.2的感受。如果你睡得朦朦朧朧的去看早場，也許會冷靜幾倍。HP7.2給我的感覺是結構很鬆散，簡略帶過、細節位少、3D失敗、配樂還算可以，有炫酷的特技、奈威和露娜的出場成亮點，說到笑位應該屬於最後成老爸、老媽那一段了。最後只能說：我們長大了，電影沒一起長大。,3D+IMAX观影体验极赞！不得不说，这是除第一部给我带来惊喜以后的又一次盛宴。给予五星并不单纯是因为伴随着这么多年下来的感情，还同时因为影片本身也很出色。情节紧凑，诸多场景颇具压迫感，从始至终满满都是高潮。伴随着那辆驶向霍格沃兹得列车开出，积累两个小时的情绪终究爆发。★★★★★
消失的爱人,8.7,611109人评价,https://movie.douban.com/subject/21318488/,"男：我们互相折磨，互相控制，这样有什么意义呢？
女：这就是婚姻。",特别喜欢在汽车旅馆打劫Amy的那对小流氓，简单直接，秒杀了没事瞎折腾的女主,原著就是个三流小说，搬上银幕也毫无加分。婚姻的牛逼之处在杀人于无形，如《革命之路》，相比之下，真的动刀动枪反而低级。,讲了一个天蝎腹黑绿茶婊的故事！,芬奇的导演值得五星：干净、冷峻、爽利、紧凑而又松弛有度，高潮一幕的配乐甚为精彩，视觉冲击力十足。情节编排上出人意料，有较为明显的社会讽刺，唯一不足在于对Amy的性格解释缺乏，过分聪明的同时也相当愚蠢，而这一切却都理所当然。
7号房的礼物,8.9,341554人评价,https://movie.douban.com/subject/10777687/,"我们目击的事实，往往只是浮出水面的冰凌，冰山下面的巨大事实，更排山倒海穿透视听。
我们直面的人生舞台，也许只是化蝶幻影，层层垂帘般幕后的故事，更震撼世道人心。",韩片一定要这样吗！！！哭肿了都,从头哭到了尾 即使是很喜剧很温馨的地方也因为其沉重的故事而产生极大反差 更是戳泪点,韩国片是狠，俗套的剧情，陈词滥调的煽情，竟然拍得很好看，早知道会往死里煽做好的一切防御，还是没能挺过最后一幕。电影有我是山姆、雨人、美丽人生的影子，组合到一起竟然不错，说明人家会抄，某些片连抄都不会。小女孩演的真棒,"他们甚至不惜冒险将艺胜带入牢房与父亲相会。
黑暗冰冷的监牢内，7号牢房阳光满满"
玛丽和马克思,8.9,319871人评价,https://movie.douban.com/subject/3072124/,伤心电影，好电影。结尾告诉我们，网友见面要早。,个人认为影片比《飞屋环游记》要出色,"PS,娘的，我看哭了。PPS,推荐给所有的人看。PPPS,可以打十星吗？",拍电影是不是和做爱一样 只有技术做不出感情,这世界怪诞而疯狂、让人困惑，但好在我们还拥有友情
红辣椒,9.0,257584人评价,https://movie.douban.com/subject/1865703/,如果说盗梦空间像是工科生拍的 充满了逻辑 数学 推理 极尽聪明之事 那红辣椒就像是文科生拍的 天马行空 无所不能 是一个真正的梦,看完这个，我真的相信今敏是去过未来的人。他早就看过盗梦空间了，也经历了我们尚未经历的时代，到未来世界走了一圈，终于对人类失去了信心，所以选择离开。,出神入化的剪接切换、瑰丽多姿的色彩构图、天马行空光芒四射的巧妙构思……无不令人眼花缭乱、目不暇接、惊为天人、叹为观止！,“相对于深远的梦境来说，科学可能不过是一堆垃圾而已。” ,看不明白。
爱在黎明破晓前,8.8,393521人评价,https://movie.douban.com/subject/1296339/,你之前提到过以后几年的光景，一对夫妻会开始厌恶对方，对彼此的一举一动都了如指掌因此而感到厌烦，我想我会有相反的发展，我对一个人越是了解就越是能真正的去爱他，他会梳某种头发，他会穿哪件T恤，他在某种场合一定会讲的故事，我相信那会是我爱一个人最真实的境界。,全是对白的100分钟，能让你一点都不觉得沉闷，还泛起很多心思。当然是好片啦。,难得几乎全部是对白的影片让人看的这么过瘾！,河畔之诗：“浸入白日梦中的幻觉/ 眨动了密长的睫毛/ 哦，亲爱的，滑过你美丽的脸庞/ 在我的酒杯里坠入一滴清泪/ 凝视你纯净的双眸/ 了然了你是我生命的意义/ 仿佛奶昔在蛋糕的甜美中交融/ 我像那恍惚中浮现的天使/ 在梦幻中游戈飘荡/ 怎忍在看你芳心百转/ 却如何才能两情相悦…”,我所能想象的可以存在的最好的爱情啦~！
告白,8.7,518820人评价,https://movie.douban.com/subject/4268598/,都是你爸害的（《松子》），都是你妈逼的（《告白》），中岛哲也太喜欢成长阴影了吧……,等本片有下载的时候一定会有不少恶评，与以往的中岛哲也完全不同，大量的特写与高速慢镜的运用，全片好似分段式MV，情节上各种意识流似的拼贴。导演视乎在还原一种心理动作。谈不上非常喜欢，但却仍想赞一下。,"没有一人完全善，也没有一人完全恶。同情厌恶惊悚与快感最后一起炸裂，强烈震撼。
导演把黑暗绝望情节拍得如此娱乐好看，令人汗毛倒竖。",深い、重い、中国で上映できない,"一个打碎的瓶子粘合起来没有痕迹/
散发了的香气又钻回密封的瓶里/
撑开的伞合起来走失的人回到原地/
一场大雨往上逆向卷起云层大气/
旋转木马倒着旋转时针它走往童年方向/
我们回到无数个开始那些个年轻激烈的早上 "
一一,9.0,238474人评价,https://movie.douban.com/subject/1292434/,我这样说好了，你不在的时候，我有个机会去过了一段年轻时候的日子，本来以为我再活一次的话也许会有什么不一样，结果还是差不多，没什么不同。只是突然间觉得，再活一次的话，好像真的没那个必要。真的没那个必要……★★★★★★,杨德昌获嘎纳最佳导演奖的影片，近三个小时的影像细腻而漫长，其间没有大起大落，只是一直温和的诉说，可看这平淡的真实，却叫人沉重起来,如果电影都是过生活，那我们就过生活就好了,“电影发明以后，人类的生命至少比以前延长了三倍”，当我觉得自己已经看了两个小时，一拉进度条发现才过了三十几分钟的时候，我深刻地理解到了这句话,"看似平淡无奇,其实蕴含深意"
小森林 冬春篇,9.0,242758人评价,https://movie.douban.com/subject/25814707/,真希望变成晨间剧啊，每天都想看到,嗯，要细心，要有耐性，还要要守得住寂寞。当然首先，你要有块地。8.5,那种时光静静流走，不去叹息，也不挽留的感觉，真好,四季更替，万物轮回，小森的美不仅仅是体现在美食上。人与自然，相互给予，相互奉献。食物、耕作、生活，循环往复，生生不息，最妙的奥义尽在这小森之中了。,这妹子才是荒岛求生最佳技能王吧！
侧耳倾听,8.9,304947人评价,https://movie.douban.com/subject/1297052/,美则美矣 但是看着两个初中生这样子的深情 最后还说出你将来嫁给我这种话 还是觉得有点怪怪的 ,我喜欢男爵的爱情，喜欢钟表上永远不能相见的国王和王后。,最动人的一幕出现在爷爷拿着月岛刚完成的稚嫩的小说，对她说：太棒了，真是太棒了。在才华刚刚起步的日子里，有一个人能完全诚挚地赞美，比什么都好，它不会令人骄傲，相反会让人更看清自己。,我我...我，被两人青涩的爱情感动啦...在自己的生命里，会有那么一个激励自己想要走得快一点的人，为了能够赶上去，牵住他的手，不成为他的累赘，在背后支持着他，与他相爱，与她携手到老，实在是太美好了。, 细腻可爱的初恋故事如同少女写下的日记一般娓娓道来。侧耳倾听吧，那些呼唤着成长的微弱声音。
大鱼,8.8,399861人评价,https://movie.douban.com/subject/1291545/,"小王子说：“因为有一朵我们看不到的花儿，星星才显得如此美丽。沙漠之所以美丽，是因为沙漠的某处藏着一口井。”
波顿说：“他说故事，因为他无法忍受这无趣的地方。”这片子是献给在现实世界中迷失、畏首畏尾、丢失了童年时代欢愉梦想的人，那条游向远方的大鱼是我们对美的向往。",我怎么没有感动？因为我没有父亲。,靠编造故事度过平凡的一生的父亲，却在临终前依旧对自己在女巫的玻璃眼球中看见的河流耿耿于怀。他的儿子替他圆了这个“谎”，给了让父亲欣慰的答案。而父亲死后，他也成为他故事里的传奇。生命力极强的故事，天马行空的情节，最终却归于对平凡生活的抵抗。催泪。,感觉挺好，只是不大明白,似幻似真，此时没有真实或者不真实，只有你愿不愿意相信。
阳光姐妹淘,8.8,435362人评价,https://movie.douban.com/subject/4917726/,一起哭，一起笑，一起疯，一起闹，一起尽情折腾我们的人生，即使老去也有最美最好的青春可以一起祭奠。,泪水和欢笑可以同时绽放。2011最爱韩国电影。无悔的青春就是和你们一起范2傻笑打闹。我们是永远的好朋友好姐妹。,五星佳片！一部人生的缩影！,我以为那个最漂亮的姑娘长大以后会很惊艳什么的。,论跟土豪做好朋友的重要性。
蝙蝠侠：黑暗骑士崛起,8.7,487045人评价,https://movie.douban.com/subject/3395373/,孤立地看，这是一部无可争议的五星电影；但和第二部《黑暗骑士》比起来，它只能拿四颗星。,好看。但这么多明星都盖不住上一集中希思莱杰的光芒。部分场景令人联想到文革，并很明显的隐射了社会主义者与资本主义社会的矛盾。,难道我是第一个看的吗？墨尔本crown village cinema， 所有人都鼓掌了，绝对是今年最伟大的电影！,拍出了黑暗英雄的铁血丹心，但没能超越《黑暗骑士》。配乐超赞！,"贝恩真的太可怜了。。。。知道真相的瞬间我原谅了他做的所有坏事！老湿的眼睛真的会演戏！不戴面具的一秒镜头好帅 好虐 好凄美 好想哭！本以为这次我会改邪归正彻底爱上大蝙蝠，搞了半天我还是个悲催的反派控 。。。Goodbye, My Friend. 此去便是永别。（轻微吐槽：马良挂掉的那一下有点囧）"
射雕英雄传之东成西就,8.7,444640人评价,https://movie.douban.com/subject/1316510/,张学友让梁朝伟杀他那段，笑翻了,梁家辉和刘嘉玲是亮点，特别是后者，我简直被惊艳了,看看这部片，你会明白什么叫无厘头,刘镇伟哪里比王家卫差？！,跟同学一起又看了一遍，最喜欢刘嘉玲
唐伯虎点秋香,8.6,674787人评价,https://movie.douban.com/subject/1306249/,小时候看一次笑崩一次,"只为了“比比谁惨”那一段，就已是经典。
还有FLASH的经典《阴天》版，",N遍,周星驰鼎盛时期的电影没啥好说的！全五星好评！另外，还有彩蛋，萱萱有演秋香的侍女。,风华绝代的石榴姐，印象深刻。这种喜剧不适合巩皇，感觉变成花瓶了。
超脱,8.9,306770人评价,https://movie.douban.com/subject/5322596/,少年时，我们都自私无知，夸张那些伤痛来当作放纵的借口。只知依赖不知自救，只知索取不知珍惜。打架，滥交，还自以为是看透了生命，绝望的很酷，其实肤浅的令人发指。孩子，什么时候你开始沉默的承受加诸你身上的重量，尊重它并与它和平相处，你才真的能称为一个大写的人。,当电影全部播放完时，影院灯光亮起，那一刻我甚至觉得这个坐着千人的场子里的空气是凝结着的，每个人都很小心地呼吸着，被那绝望深深所震撼。,1 Brody演的太好了，人生导师和脆弱闷叔转换一念间；2 如果你施舍温暖，无家可归的人就必会依赖，“超脱”如何可能；3 对青少年的刻画犀利，但也许缺乏同情，我们无法知道他们为什么如此绝望冷漠而满不在乎；4 老师带着支离破碎的人生站在讲台上寻求权威和存在感，说不清工作和自我是否已经恶性循环,这部电影撩死了姐久违的厌世情绪（从值得褒奖的角度说的）。萝莉大叔之间的救赎之爱又很治愈，搞得姐要死不活（仍然是in good way）。个人风格非常强烈，影像形式非常自由，但信息传递得十分清晰。这很难得。姐真心觉得AB很帅的（好吧，我是马脸大叔爱好者），就是这长相注定演不了让人开心的电影,勿被片名误导。此片充满无处不在的郁抑及沉重。所有人对自己都毫无办法。指望他者解救自己的苦难永远只是一时，因他自顾尚且不暇。即使慈悲到收留你，也有天要离开。总之，就像那位代课教师一样，此片只是给了一个若即若离的拥抱，并未试图解决片中人物或观众的任何麻烦，但无助的人，会被无情击中。
倩女幽魂,8.7,478281人评价,https://movie.douban.com/subject/1297447/,這個聶小倩，爾等休想再超越！,飘逸写意中国古典，现在拍不出来也不愿拍,刚刚看完。电影一开始，旁边的一个女生就哭了。,好美的王祖賢～,此后心目中所有善良的女鬼都叫小倩
甜蜜蜜,8.8,350203人评价,https://movie.douban.com/subject/1305164/,其实是曾志伟的角色最令我动容。,重逢只要一瞬间，等待却像是一辈子。,这么多人都看哭了么。。。我就在张曼玉低头碰到喇叭那块儿眼红了下。。。这俩人的缘分太让人嫉妒了,黎小军连豹哥的一根头毛都比不上吧，嫁黎小军我一天能因为无聊自杀三百回，“无聊”这种东西如果能拟人的话，它的形象一定是黎明！！！,张曼玉精彩绝伦的演出成就了这部电影。聚散离合，缘起缘灭，情感的纹理与能量、生成与幻灭、真挚与虚妄，历史的荒诞与无情，一切的一切都是张曼玉。情到深处爆发出来的能量，如花瞬间绽放，充沛又从容，亚洲女星中大概唯有巅峰年代的高峰秀子可与之比肩。
驯龙高手,8.7,515801人评价,https://movie.douban.com/subject/2353023/,和谐的生活离不开摸头与被摸头,妙蛙种子龙。。呜哇,梦工厂会讲故事了...,虽然没有皮克斯那么有深度，故事情节也略显老套，但是好的电影就是能让观众沉浸其中，不管是用画面用音乐还是用其他的。错过档期没去电影院看3D只能说是一种遗憾，还好720p的效果也十分的赞，这应该是我今年到目前看过最好的一部动画片。★★★★☆,90分钟绝不冷场愉悦刺激的观影体验！3D技术的进步更是锦上添花~恰到好处的笑料，让人爱不释手的角色，精准传达的主题，精彩的动作场面，都是此片绝对值得推荐的理由。遗憾的是仍有缺陷，使影片仍算不上完美。
萤火之森,8.9,324177人评价,https://movie.douban.com/subject/5989818/,妖怪有颜就是治愈片 妖怪没有颜就是恐怖片,小孩子跑不好就不要跑好伐？！摔个什么摔！摔！,“总有一天，时间会把你我拆散吧，可是，即便如此，在那个时间到来之前，我们一直在一起吧”,最爱 没有之一 少女心都在这了,在那个夏天那片森林 拥抱你 离开你 记住你 就知道是死虐
恐怖直播,8.8,421288人评价,https://movie.douban.com/subject/21360417/,一个人怎么能成为国家公敌！结局是必然的  棒子能拍出这种电影让人震撼的 ps:韩国的电影审核制度真宽  这要是在天朝...哈哈,韩国电影中一直有一种东西，合适的时候叫『热血』，过量了就是『狗血』。但从来没见过不足的时候是什么样子。,一想到有生之年都无法参与这样的电影，忍不住呜呜哭了起来,河正宇的个人秀，他一个人撑起了这部低成本封闭空间，对媒体政客等各种讽刺黑出翔,故事敏感，扣人心弦；节奏紧凑，毫无尿点。又一场封闭空间里个人表演的精彩呈现，又一次感受韩国犯罪题材影片所带来的冲击与震撼。政治的阴暗、媒体的嘴脸，这些元素如此熟悉，然而每次出现都不会觉得厌倦。如果是你，将会作何选择？
菊次郎的夏天,8.8,342059人评价,https://movie.douban.com/subject/1293359/,奇怪，明明夏天总会有能烧焦皮肤的太阳，讨人厌的蚊虫，闷热的空气。但只要有一阵风吹过来，夏天就是一年中最好的季节。,而我只看到了深深的孤独，两个孩子的孤独。,矬大叔也有夏天,那种纯粹的感动与快乐.好久没有感受到了。,过强的风格化有损叙事部分的流畅度，但反而造就出一种非常奇特的空白效应，与人物的怪诞乖张相得益彰。久石让的配乐为影片增色不少，是一部非常有趣而诚挚的作品。
幸福终点站,8.8,363693人评价,https://movie.douban.com/subject/1292274/,我在维克多身上看到了阿甘的影子~~,太好看了，欢笑过后大大的感动。,“Viktor终于明白，这个世界不是按他自己的方式前进的；身处其中，只有为自己挣个好生活。” ,斯皮尔伯格为拍摄建造了一比一大小的航站楼 并作为商场。植入广告的客户入驻营业，广告费成为本片资金，逛商场的顾客成为数量庞大的群众演员。聪明的制片人。直到老师特地赞了一下结尾 关于空姐、爵士歌手的部分，才注意到结局蛮有命运生活的真实感。难得一部主角犯傻能逗乐我的片子。,故事很童话，主题很模糊。不知道是在讽刺制度太死板，还是歌颂工作人员对制度的努力维护。不知道是表现对纽约的自恋，还是批评“纽约不欢迎你”之不友善。不知道是把美国塑造成了各种族的庇护所，还是要体现阶级仇恨。不知道是在说生命的过程就是需要等待，还是在说不要傻傻等待而要果断行动。
爱在日落黄昏时,8.8,336980人评价,https://movie.douban.com/subject/1291990/,他为她写了本书，她为他写了首歌。其实，他们都记得，每个细节。这部就是来还愿的，又是一个开放式的结局。我想这次他们应该不会错过彼此了吧。,她瘦了。好爱她那件黑色小衫，后背开襟。只是从她拥抱他开始，眼泪就往下掉,最后的结尾，杰西坐在沙发上似笑非笑的看着塞林，他一定在想，这个女人太他妈可爱，可爱的想立即上了她，再娶她。,好的不得了的对白,这是我看过的关于男女相遇相爱最美好又最清醒的电影。
超能陆战队,8.7,665304人评价,https://movie.douban.com/subject/11026735/,好想戳爆胖子看会发生什么……,又是一个故事平平只靠细节讨巧的动画，但是没办法，就是超级吃这套啊！！,现在的动画都以卖萌为主题了，比如这里的大白，大概是一个萌熊的体验，或者是会移动的超大棉花糖，这也成为本片主要卖点。影片将迪士尼与漫威结合，人物设定与动作场面确实很漫威，很美漫超级英雄。而主题却还是迪士尼的亲情与成长之类的东西。斯坦李仍有客串，果然不放过每部漫威。,3.5 气球人真是很可爱，比那个贴胶布条的片段还要可爱！感觉短腿要开始流行了。但故事整个太模式化了，情感简单粗暴，感觉自己是婴儿，被喂了一套营养均衡的婴儿餐似的... 整个城市设定让人有点想看日语吹替版...,史上最萌胖子诞生！要抱抱！彩蛋里的斯坦·李也是蛮拼的！
无人知晓,9.1,174796人评价,https://movie.douban.com/subject/1292337/,家中早已经没有了妈妈，生活早已经很拮据，水电早已经停了，今天吃过的泡面汤要留作明天拌饭，喜爱画画就画在水电停用通知单上，从公园偷水饮用，把摔死的妹妹埋掉......这一切，都没有人知道,看完以后，也还是沉默，没有煽情的眼泪，没有明显的愤怒，就和这部电影一样，平静的说一个难过的故事，但没有一个人流泪，甚至连埋怨都没有。被抛弃真的很可怕。,真是可爱的孩子啊。从《距离》之后，是枝裕和的电影就越来越生活化，有些纪实的风格，琐碎的生活细节，两个小孩甚至算不上表演，即兴发挥的表演也让这部电影充满了生活气息。更难得的是，面对这种狗血的题材，是枝裕和却并没有煽情和大喊大叫，只是让所有角色一起忍耐、承受着，连同观众一起,埋葬妹妹时，黑暗中特写哥哥微微颤抖的手，那是一双12岁男孩的小手，它将土慢慢撒到箱子上。死亡的主题再次让人动容。真正理解的生命的人不会在死亡面前别过头去，真正勇敢的人即使在不断的失去中也能找到安顿自己生命的力量，但当这种坚韧出现在这些无人知晓的孩子身上的时候，却只让人感到生之残酷,唯一一部分了三次看完的电影，因为每次看都非常压抑，特别是在情绪很低落的最近。看完后很不舒服，真的很不舒服。我想我再也不想看第2次了。不想再忧心忡忡提心吊胆的看一部电影了。
借东西的小人阿莉埃蒂,8.8,361814人评价,https://movie.douban.com/subject/4202302/,“你永远在我心中，我永远都不会忘记你。”这是一部难得一见的富含诗意和伤感的动画片。细节和人设很棒，赏心悦目；配乐尤其出色，但叙事太过苍白匆忙。最后的轻轻告别，两人往后都会有自己人生，走自己的路，但曾经那段美好依旧会沉淀为一辈子的记忆。★★★★,我相信他们终有一天还会遇见的。,香港首映宫崎峻的借东西的小女孩亚利亚蒂。刚看完出来。观众在亮灯时仍然没人起身，一直到字幕结束。非常唯美，非常感人。我要去下ost。电影给六颗星。,吉卜力的动画里，总有个坚强的姑娘。最后送别时阿莉埃蒂摘下发卡，栗色的头发飘起来，她把它送给翔，说把它带在身边，翔微微睁大眼睛。我就是在这个时候，掉下了眼泪。阿莉埃蒂也掉下眼泪。一年多以来几乎没有什么戳中我泪点的电影。少女说“你保护了我，很开心。”而少年只是轻声呼唤着少女的名字。,她在他的手心，她在他的肩头，她在他的心间。感谢宫崎骏，感谢吉卜力，总是给我们纤尘不染的梦。
神偷奶爸,8.6,667899人评价,https://movie.douban.com/subject/3287562/,绝对史上top 5级别的动画片！！豆瓣评分不上9没天理,90/100。就冲着那个过山车你也得进一次电影院！小猫咪的睡前故事太萌了啊啊啊！！！,这个动画片再次证明了，不怕讲老故事，只需要有颗不老的心。打动人的是里面的小情趣，小可爱，小孤独，坚硬外表下谁都渴望一颗被温暖的心。真的远比toy3得我的心。,密集物恐惧症也不恐惧了 太可爱鸟！,"看到短短胖胖的小药丸， 就觉得好可爱，戈玛幼稚又充满希望的成熟让我心生怜爱。
^_^"
怪兽电力公司,8.7,432429人评价,https://movie.douban.com/subject/1291579/,kitty长得有点像姜文~,买了张蓝光碟，再次重看，画质优秀了，似乎离怪物们更近了，原来毛怪10年前的毛发就这么逼真了。再次感叹皮克斯的创意和想象力，最棒的地方也就是这个创意了，皮克斯的动画片过程可能都很相似，唯独创意个个都很独特。★★★★,您的尖叫就是俺的动力，收集能量的任意门！片尾的伪拍摄片花很有成龙喜剧的style。（|人：妖怪啊！|妖怪：人啊！|——摘自《东成西就》）,因为关心才吓人 ~好萌的怪物们 喜欢死了啊,皮克斯第四部长片，除了一炮而红的玩具总动员以及乘胜的二——以及成绩不佳的虫虫特工队之外的首个大收之作，阖家动画电影标本。
风之谷,8.9,270793人评价,https://movie.douban.com/subject/1291585/,不穿內褲的娜烏西卡公主。,细节：解开那个女孩衣服的时候看到了什么？,在此我们可以见到比卡丘的渊源，可以看到Spike飞船的渊源，可以看到虫师的渊源，也可以看到诸多动画人因此崛起的渊源。,"当女主角在黄金之海上复活的时候,我那发达的泪腺又西里哗啦了..",宫崎骏镜头下的美都是最自然、原始、野性的。设定大胆，配乐大气，可惜影院放的是英文吹替版= =。。。【豆瓣的大家！为什么都在讨论娜乌西卡有没有穿内裤呢！。。。
玩具总动员3,8.8,336076人评价,https://movie.douban.com/subject/1858711/,我87年出生，，看toy 1是小学3年级。看toy3是大学毕业。纯爷们，没哭死我。。。。我想说 这是皮克斯送给我们这代人的一份礼物。再见了，我的童年，谢谢你，皮克斯,前半部分就有好几次想哭的冲动，本来以为这次能够幸免的，没想到最后几分钟那么煽情，简直要哭死了。其实3D效果并没有很出色，但是精彩的剧本真的很让人感动。这不是一部给小孩子的动画，是一部给成人的童话。,结尾的煽情很见水准，但现实中哪里还找得到Andy这样单纯童真的17岁少年呢？！,竟然看动画片看到泪流不止。皮克斯，你真行。,"虽然是动画片，但没有一味地弘扬真善美，也反映了人性丑恶的一面。
比如抱抱熊罗素，它被替代了，它自己要走，还强行要别人也跟着离开。
胡迪救了它一命，它还恩将仇报。
除此之外，它还挑拨离间，企图让巴斯光年背叛朋友。
软的不行就来硬的，将巴斯光年恢复出厂设置，甚至提醒巴斯光年“当心它们对你用反间计”，太可怕了。
幼儿园充满黑暗和邪恶，连玩具也存在金字塔制度，分阶层和等级，有各种明争暗斗。
有卡车队伍巡逻..."
完美的世界,9.1,162669人评价,https://movie.douban.com/subject/1300992/,标准的好莱坞煽情之作，坏人的好总是比好人的好来得更感人~~,老牛仔真是个伟大的导演，总能把人性拍得如此美好而有力量。,哭了 小孩可爱，大叔也很会煽情，烂漫的骨子里还有一颗梦想的心,标准的有点像是教科书里的故事,我这辈子只杀过两个人，一个是伤害我妈妈的人，一个是伤害你的人。这个“你”却是仅仅相识一天的男孩。。同样缺失父爱的两人以这种方式依赖对方。特别安静特别可爱的男孩，以后也要给我孩子穿这样的连体衣！太萌了！
血战钢锯岭,8.7,552365人评价,https://movie.douban.com/subject/26325320/,以我有限的观影经验，优秀的战争片不会美化战场，不会粉饰死亡，不会矮化敌人，不会无视常识，最重要的，不会宣扬战争。这个片子基本都做到了。,队伍配置中奶妈的重要性,救人75命，胜造525级浮屠。,枪林弹雨过，片叶不沾身。信仰没能改变战争，但也没让战争改变自己。梅尔·吉布森的宗教狂热病和个人英雄主义都让我想BB，但因为有本命在闭着眼睛也要给五星啊～（只有加菲才能这么一脸阳光的面对杀戮和暴力，五好青年的笑容太美！！！）,李安想告诉我们英雄是会软弱会迷茫的平凡人，梅尔吉布森告诉我们英雄都是神一样的人。但是这部片的好处是，同样是展现人的神化，它可比手撕鬼子的剧真实多了。大概是因为真正的神从来不觉得自己所做的一切常人难以企及，他只是谦卑地认为自己做的还不够。克制是最大的美德。
上帝之城,8.9,221521人评价,https://movie.douban.com/subject/1292208/,“被上帝抛弃了的上帝之城”一个除了偷窃，强奸、走私、贩毒、杀人、抢劫无处不在的城市，因为这里无需偷窃，而犯罪的几乎都是未成年的孩子，这里是真正的地狱和人性泯灭的地方。高超的剪辑、丰富的剧情、合适的配乐组成一部十分优秀的影片，更加让人震撼的是这部影片是根据真实故事改编。★★★★★,枪杆子里出政权《毛主席思想》,不只枪支，摄影也可以改变命运。血腥暴力、丛林法则以及完全不会出现在明信片上的里约。剪辑酣畅淋漓得像桑巴舞曲。据说奥运期间巴西政府对贫民窟的做法是建堵高墙眼不见为净，我...,这配乐这镜头！！！！,一部震撼人心的电影。是的，这部电影带给人的冲击力之大难以用语言来形容，首先导演的水平很高，拍摄手法和剪辑方式都相当前卫，配乐也是和主题形成了巨大的反差效果，故事越是残酷音乐越是奔放，里约热内卢的贫民窟，世界上最接近地狱的地方，电影真实地还原了那里发生的一切，从孩子开始，无法无天。
傲慢与偏见,8.6,509245人评价,https://movie.douban.com/subject/1418200/,这达西先生是痴呆不是傲慢吧……,"拍得挺美的,拍名著只要不把它拍砸了就是胜利",那个傲慢的人在溢满雾气的晨曦中走来，用最卑微的姿态求你爱他，甚是美好,这一版的每一刻都美得让我心醉。特别是片尾达西从田野的晨雾中向伊丽莎白走来的镜头~,一群发春的女人和一个完美的男人
时空恋旅人,8.7,366475人评价,https://movie.douban.com/subject/10577869/,理查德·柯蒂斯擅长的轻松有趣加温情。时空旅行仅是噱头，重头还是亲情。当主角发现即便可以时空旅行，仍无法避免那些生活的悲剧。比如亲人的离去，我们始终无能为力，这恐怕是最触动我的地方。最终的主题仍是学会爱，学会生活，并珍惜与亲人的每一天，这话说来容易，实际却相当难。生活中同样应该如此,突然悟出一個道理。分分合合的戀情，多半因為其中一方熱切於go back in time，重臨兩人曾經的過往。而另一方並不。,“我试着过好每一天，就像我已经穿越回去那天一样，去享受它，当它是我非凡却又普通人生的最后一天…跌跌撞撞和摔倒都造就了现在的我。” 扔掉可反悔的《人生遥控器》，过好每一天！50%的浪漫爱情+50%的家庭亲情和人生感悟，不如《真爱至上》《海盗电台》浪漫的彻底，却也直抵人心。打个俗分4星。,以为它是软科幻片，结果一开始的感觉，它是个喜剧片，紧接着你发现它是个爱情片，然后你发现它个伦理片，最终，你发现它是鸡汤片。不可否认，这鸡汤还是挺美味的。,本以为这是个爱情喜剧呢，结果不是，而是一个男孩努力的想挽回人生的各种不尽如人意。因为想单纯的拍好一部爱情喜剧，想努力的写点新鲜的爱情桥段实在很难，但即使像本片这样放大到家庭和亲情，依旧是一个让人脑洞大开的俗套流水账，编剧倒是轻松多了，偶尔两三段小亮点而已。★★
电锯惊魂,8.7,339015人评价,https://movie.douban.com/subject/1417598/,为嘛医生不用锯子够手机？,最后五分钟让我全身发抖！,硬伤多，黑人警察傻到爆炸,看第一部的时候着实被他的情节设计给惊讶到了。,哦测那 哦测那 哦测那 哦测那 哦测那 哦测那 哦测那 哦测那 哦测那 哦测那 
喜宴,8.9,228736人评价,https://movie.douban.com/subject/1303037/,看來 高爸爸也是gay  跟張管家有一腿  但是爲了這個家嘛  延續香火 就只好結婚生娃咯,“妈，同性恋的人能够在各方面合得来凑合在一起生活，非常不容易。所以我跟赛门都很珍惜对方。” 李安总能在边缘和传统之间找到恰到好处的平衡点，然后双双将我们击溃。,少年时看过后存在硬盘里，想着哪天出柜时放给母亲看。后来母亲走了，我没能给她一场喜宴，也没能给她看过这部电影。这一生再也没有机会了。今晚我囫囵吞枣地又看了一遍，然后删除，从此没有福分将它留在硬盘里。,作为导演，李安在《喜宴》中的表现还略嫌稚嫩，电影中粗糙的细节比比皆是，远不及《卧虎藏龙》之后的精雕细琢；但从内容与情节上来说，这部我感觉却是李安最精品的几部电影之一：放了很多心血心思上去啊，对文化差异的刻画准确犀利而生动活泼。这部电影李安作为编剧比作为导演更成功。,《喜宴》最好的地方在于拍成了喜剧片，而且真的能让人笑出来，如果板着脸讲这个故事，说不定就味同嚼蜡了。这么多年李安对于乖乖仔的审美一直都没什么变化，从赵文瑄到托比·马奎尔、王力宏和比利林恩，他就是喜欢五官深邃且人畜无害的大男孩。
教父3,8.9,231724人评价,https://movie.douban.com/subject/1294240/,维多·柯里昂死于极乐，旁边是一个机灵的毛孩；麦克·柯里昂死于极悲，旁边是一只棕色的小狗。,可能是因为看电影中途没有被打断，也可能是因为阿尔哥岁数渐增，演技越加成熟，第三部的感觉比第二部好很多。如果说基督山伯爵最重要的五个字是期望和等待，那教父系列的主题就是责任和担当，或者得到和牺牲。教父三部，时间从72年，74年直到跨入90年，还有质有量，科波拉也非凡人。,教父们的遗恨。江山易主、风水轮流转的苦痛。怒火蒙蔽理智。麦克：“文森，你将走向不归路。”暗藏杀机的歌剧音乐会。宗教的介入是一种心灵的救赎，一种精神的寄托。玛莉的死去  阶梯上的红地毯浸满了鲜血。悲剧就是把最好的东西毁坏给你看。,牛逼人物的特质是枪都开不死。帕西诺。,一切始于对家庭的责任，可是最后却让家人处于更危险的处境之中，不归路有时以这样悖论的方式展开。人们都爱你意气风发的初登场，我却独爱你暮年的晚景凄凉，有悔但仍有爱。反正所有人的结局都一样。
谍影重重3,8.8,294898人评价,https://movie.douban.com/subject/1578507/,“如果你在办公室，那我们现在就是面对面谈话了。”这句对白太拽了。,车站和小镇两段，绝对的经典。,谍影重重三部曲，一部比一部好看，有“倒食甘蔗，渐入佳境”之感。难得。,一夫当关万夫莫开。虽然有点神化，但伯恩真是这一行的大师啊~,浓缩版的《24》，回归版的Jack Paul。细节非常到位，情节紧凑到没时间上洗手间。滑铁卢车站那一段经典。
岁月神偷,8.7,438882人评价,https://movie.douban.com/subject/3792799/,“在变幻的生命里， 岁月，原是最大的小偷。”我喜欢这种褪色的温情脉脉。,"人生总是一日难，一日佳。
过去的总归是好日子。",主线太俗套，全靠细节、意象和所谓香港精神支撑。最后小弟弟扔掉英国国旗为了“同亲人重逢”，还真tmd和谐,并未洗净铅华，却用最自然的从容令人动容,最美的香港电影
英雄本色,8.7,333695人评价,https://movie.douban.com/subject/1297574/,Leslie这个萌娃。据说有次Leslie在电影院看午夜场，他跟盆友说：要死了，观众那麼喜欢发仔，而我却是个要抓发仔和我哥哥的警察。 第二部的时候，他开森的说：这回有人同情我了。看我演得多好！我的妻子怀孕生子时，我死佐~,能够把握住自己命运的人，就是神,“做人有原则，就什么都不怕。” 真的不敢说这是我第一次看《英雄本色》，并不需要多么复杂的炫技，好电影从来都很简单纯粹。怀念最好的港片年代。“他有勇气去改过，你有没有没勇气去接受？” 上海电影节4k修复版。,故事情节即使在当年也没什么了不起的。但是狄龙周润发张国荣正好分别代表了儒雅内敛、升级打怪和单纯明朗三种状态，再加上导演功力惊人，所以呈现出行云流水动人心魄的效果。,【新艺城】三个男主演得都不错，但还是周润发的小马哥最精彩，几次直戳泪点都是他和狄龙的对手戏。前面戏份里哥哥灿烂的笑容让人打心底欢喜，如今重温感动满满。徐克做监制，还踩了一脚客串。
七武士,9.2,126864人评价,https://movie.douban.com/subject/1295399/,赢的是那些农民，不是我们。,和教父是一种类型的电影，突出人物性格，故事情节也曲折。最后真的是人民战争海洋。很有几次，都觉得这也可以算一部写中国人的电影，比如农民的狡猾与认命等，到最后的我能！,"志乃的发型很时尚嘛
",怎么说服人，怎样坚持，怎样欲擒故纵、运筹帷幄…无以复加的经典！原来经典并不是多复杂，反而更简单。故事线索逻辑清晰，战斗开始后的每死一个人，观众都能跟导演一样明白清楚。,谁都没赢，即使是村民。
被解救的姜戈,8.7,417718人评价,https://movie.douban.com/subject/6307447/,舒尔茨大夫不远万里，来到米国。一个德国人，毫无利己的动机，把强哥的解放事业当作他自己的事业，这是什么精神？这是国际主义的精神，这是基友主义的精神，每一个好基友都要学习这种精神。,waltz魅力十足 却死的那么酱油。。。,零，有一种类型片，叫昆丁；一，昆丁只拍这种片，但只有昆丁拍这种片；二，此片没那么完美，但已比无耻混蛋用心很多；三，昆丁可能永远再达不到低俗小说的高度，但本作足以革新西部片；四，南方口音蛋疼，有些笑点没听懂，以后我得看中文字幕版；五，原谅我用那么多分号，cuz Ima goddamn programmer.,感觉比《无耻混蛋》都要好看啊！,热血沸腾！三年的等待值了！那个低俗、性感的无耻混蛋又来了！
功夫,8.5,615238人评价,https://movie.douban.com/subject/1291543/,周星驰形式上的巅峰，但是意境已走下神坛,感觉【功夫】应该8.5分以上，同意的点赞,功夫最后结尾所有的角色都以路人出现并不表示这是小男孩的一个幻想，而是说曾经的江湖中人和武林高手，终于都走出恩怨瞅啥，过上了幸福美满的生活，比如神雕侠侣做了普通人，火云邪神指挥起了交通——最大的证据就是，死掉的角色都没有出现，说明故事是真的，不是幻想,电影院里他说，你笑得好开心。,豆瓣连8分都没上 明明很棒 心中可以8分以上 感觉被低估了
疯狂原始人,8.7,592784人评价,https://movie.douban.com/subject/1907966/,梦工厂的动画片做成这样真没什么可哔哔的了。5星走人。,绝对今年最好的动画片！我凯奇叔和石头姐配音赞爆了！泪点低如我最受不了梦工厂煽亲情！后1/3都在为凯奇叔流泪~老掉牙的外来乱入和一家冒险！但架不住拍的好啊！梦工厂拍成这样再老掉牙的设定我也乐意看！人见人爱无可挑剔五星五星！续集快到碗里来！裤腰带和坦克莫名的萌啊！结尾的飞翔太诺亚方舟了！,家庭、爱情、冒险、飞翔、萌物、励志，梦工厂的各种元素几乎齐活了，欢乐如过山车；永远的父女情深，永远的误会冰释，永远的末日脱险，别说幼稚别说俗套，如果影院天天上映这等水准的片子，我也愿意天天去看！,绚丽的3D效果+随机乱入的萌物+搞笑亲情大套路+点睛式的人生说教，人见人爱的作品，想象力和娱乐性爆棚；但捧为神作有些过了，它既没有Pixar经典作品的原创性和灵动感，也缺少梦工厂传统大作的独特个性和贱趣味！,被9.2分吓尿了...8.2最多了...
哪吒闹海,9.1,162729人评价,https://movie.douban.com/subject/1307315/,哪吒要是搁现在，就是一少儿精神病患者：躁郁症、暴力狂、自杀倾向、逆反心理……辅导人员要密切关注他看什么书，听什么音乐，玩什么电脑游戏，业余时间从事什么活动，必须定期参加心理辅导，服用抗躁郁症药……比美国哥伦比亚中学枪击案主谋更犀利的家伙,"哪吒刚刚降生，李靖就想一剑劈了他；
龙王恶人先告状，李靖却丝毫不听哪吒的解释；
哪吒制服了龙王，李靖又叫人把他绑起来；
面对四海龙王的报复，他甚至想杀死哪吒……
是怎样的父亲，才会对自己的亲生骨肉心存偏见？
是怎样的父亲，才会胳膊往外拐，站在别人那边？
是怎样的父亲，才会是非颠倒，不分青红皂白？
并非所有的孩子都是熊孩子，反而是很多父母不配做父母。
在这个“百善孝为先”的国度，《哪吒闹海》没有跟风...",个人认为其中哪吒自杀的情节有很重的虐恋色彩，我小时候第一次看到，内心有一种很奇怪的感觉。,电影真的是时代的产物，小时候看这版的哪吒，不觉得故事有问题，现在再看，才发现这是一个政治味道浓重的故事，传达的价值观念赤裸裸。对比饺子导演对【哪吒之魔童降世】的处理，我命由我不由天的主题又很符合我们当下的主流价值观，哪吒变成了另外一个故事，可能会成为现在这代小朋友的童年回忆，和我们这一代看的哪吒是完全不一样的，可能这就是讲故事的魅力吧。,中国的少年大底上应该要像哪吒的
天书奇谭,9.2,130007人评价,https://movie.douban.com/subject/1428581/,"“你是蛋生的，所以叫蛋生~”

蛋生的师傅好帅啊~~~~~~~~","看了很多遍.喜欢.那个年轻的女狐狸精真美,声音也动人.",年轻狐狸精还真美。袁公乃中国的普罗米修斯呵。,蛋生不是生蛋。,我喜欢这个故事～
心迷宫,8.7,329501人评价,https://movie.douban.com/subject/25917973/,剧本挺有趣的，没有让三段式沦为中国电影常见的山寨故事。电影化处理上有所欠缺（无论一眼可见的演员表现还是画面处理），不知是不是受限于制作成本，不过，作为第一部，确实不错了。中国电影的未来，依然是在乡村和县城啊。,FIRST首部，威尼斯影评人周，锋芒毕露。类低俗小说结构常见，本片运用到本土化题材上，不止讲了个结构花哨的故事，还反映了农村现实问题（劳动力流失等）。导演混过片场，编剧、剪辑都过硬，毫无拖泥带水，细节精打细磨。全职业演员群像出彩，成本200万处女作，相当不错了。导演是诺兰科恩奉俊昊粉,平顶山版科恩兄弟，作为处女作，看到了新一代年轻人的追求,【B+】封闭的村庄，悬疑前置的凶杀，阴差阳错的众生相，故事设定和结构都像极马尔克斯的《一桩事先张扬的谋杀案》，环环相扣互为因果，挖了一堆坑，全部严禁密实的填上，故事编的一个大写的牛逼。除了为审查和怕观众不懂的而妥协的最后十分钟，以及成本问题造成的技术毛糙，五星着实。,挺惊艳。有点感觉是下一个“宁浩”诞生了，但比宁浩更有电影意识。开头一个镜头带四个不同人物关系出场，挺拽。演员尤其是女演员选的到位，和角色特别匹配。最关键的是我几乎从头笑到尾。在这个中国商业电影如同屎一般的年代里，这么精巧聪明又大智若愚的片子像金子一样珍贵。力挺！
真爱至上,8.6,500914人评价,https://movie.douban.com/subject/1292401/,1、每当我对世局倍感忧虑时，就会想到希思罗机场的入境闸口。人们认为世界充满仇恨与贪婪，但我却不同意。在我看来爱无处不在，虽然未必来的轰轰烈烈，但是爱永远存在。父子，母女，夫妻，男朋友，女朋友，老朋友，当飞机撞上世贸大厦时，临终打出的电话，谈的不是报复，而都是爱。如果你肯留意，你会发现爱其实无处不在。love actually is all around.,至少能干掉几十部《全城热恋》吧,寂寞的圣诞夜一个人看这种电影，看完觉得更寂寞了！,"我不明白,如果导演早就决定给个皆大欢喜的结局,为什么又不给得彻底点呢?",像我这样一个对外国电影了解不多的观众，看的时候一直处于“我靠这个人好眼熟，这个人不是那个谁吗，这个人是大牌吧，这个人我知道名字！……”的状态中。
萤火虫之墓,8.7,307450人评价,https://movie.douban.com/subject/1293318/,又精致又催人泪下。可是二战时期的日本一点也不值得让人那么同情,我发誓我再不敢看第二遍,“我们做错了什么？”这话应该由日本人说么，即使是平民？妹妹的神态、动作、配音都绝了。,日本人博取同情的功利 是中国的N倍。,虽然事先知道这是个煽情的片子，知道它注定是个悲剧，还是哭了。告诉你这是个悲伤电影，在你准备好的情况下，还能达到效果，的确是个好片子
三块广告牌,8.7,579204人评价,https://movie.douban.com/subject/26611804/,这部竟然拍得非常温柔，有点落寞和伤感，看完会被人的善良所打动。虽然确实有些天真，但还是好爱这样的电影，会让你很享受这个故事。当然，导演之前擅长的喜剧部分仍然很到位。几个演员都非常出色，女主和两个男配，写得好，演得更好。挺奥斯卡的片，应该能有斩获吧。,#Venice2017# 影后已出。真是教科书一般的好剧本，破了不少套路，人物塑造十分生动。再加上导演控制力很强，不乏幽默感，也有不错的社会观察。对仇恨与愤怒的探讨颇有与当下社会状况的契合点。,太精彩了，实在想不到今年还有什么影片可以挑战。剧情音乐节奏摄影都接近满分，更可贵的是除了女主弗兰西斯的超水准表演之外，剩下所有演员的演出都精彩到可以颁最佳群戏。由于不妥协与不谅解所引发一系列悲剧，但是悲剧中更有合理的人性，戾气重的浪漫诗。从第一幕路过告示牌咬指甲就最佳女主内定了。,蹦出一条小鹿这个必须减分了…而且还那么像CG做的…,3.5 电影咋看很酷，美国乡村天注定，被人欺负了24小时内一定要报仇。剧作也确实比较大胆，很大的梗就这样撂下了也不觉得哪不对。演员也都很好，还很好笑。但警长一封信道出了内核的问题：你们这样主要是因为缺乏善良友爱。这不对吧，如果这些红脖缺的真的是爱，一年前他们怎么会去投川普呢
纵横四海,8.8,271099人评价,https://movie.douban.com/subject/1295409/,香港影史最赞三人行,有新武侠的潇洒。        “其实爱一个人并不是要跟她一辈子的。我喜欢花，难道你摘下来让我闻；我喜欢风，难道你让风停下来；我喜欢云，难道你就让云罩着我；我喜欢海，难道我就去跳海？”,发哥在轮椅上和红姑共舞，忘不了啊……,优雅——除了这两个字，我不知道怎样表达爱慕之情啦。," 红姑息影了，发哥老了，张国荣走了，香港电影的辉煌远去了。这些陪伴着我们长大的电影也要被遗忘了。
  真是“春梦了无痕”。"
我是山姆,8.9,197396人评价,https://movie.douban.com/subject/1306861/,真正的戏眼是达科塔·范宁。她才是催泪的原动力,父亲节看这电影真是应景。里面的小姑娘，原来真的是老友记1014里面卖房子夫妇的女儿McKenzie  —— 世故地吓人，凭什么她这样就感人至深，林妙可就受尽唾弃？？？不公平,人与人的爱，不是被任何一个条件所限制的 而是出于本能。,“lucy in the sky with diamonds……”十分的亲情，十分的爱，爱的能力并不是取决于智商的高低。原声好，主题好，演员好，但就是有些拖沓与着力过猛。★★★★,雨人版的克莱默夫妇，编剧对山姆的角色塑造并不成功，山姆成了一个行为上有缺陷的正常人，他的处事和思维看起来其实挺正常。西恩.潘对角色的演绎是完美的，范宁的表现也非常成熟。部分剪辑和镜头感有点晕。但是还是打动了我
达拉斯买家俱乐部,8.8,308325人评价,https://movie.douban.com/subject/1793929/,用最轻松的态度拍出了最沉重的题材，完全不加煽情的感染人心。男演员们演技都大发了，今年Jared Leto不拿最佳男配我特么就撕逼！！！！,Jared Leto的腿比女人还美！！！Jared Leto的腿比女人还美！！！Jared Leto的腿比女人还美！！！Jared Leto的腿比女人还美！！！【说正事，这热血抗艾片真是百年难遇地好啊，仔细想想，能把life outweighs money这种俗道理包在热血的外衣下讲得这么动情深刻。fuck yea cowboy!!!!,一流的表演，除口音尚可辨识，麦康纳已经完全成为了剧中人，Leto的表现也非常惊人，值得敬佩。平凡人在不平凡的状态下做出了超凡的选择，一个混混到民权斗士的转变之路，人终于超越了疾病。,根据真实事件改编的纯剧情拍到这份上值了 男主男配的演技真心狂赞！,根据真人真事改编，生动再现了80年代艾滋病患者的生活状态和维权运动。从患者到药贩子本身就很励志，更何况他们对内不放弃生命、消除内部偏见；对外利大于弊的走私药与弊大于利的药监局之间相抗衡，温暖有力。两位演员真是用生命在演戏啊，用演技撑满全片！
东邪西毒,8.6,415118人评价,https://movie.douban.com/subject/1292328/,如果感情是可以分胜负的话，我不知道她是不是赢了，但我很清楚，从一开始，我就输了。,"当一个人没有办法拥有的时候,最好的办法就是,让自己不要忘记....
因为这句话喜欢这电影.",090331美嘉——这样的片子还是不适合在电影院看——人多的时候看这样的电影，就是一个旁观者。,"1999年的时候多么喜欢啊。2009年却在影院呆了二十分钟就走了。从来没有这样过。已经过了看这种东西的时代。许多事情，适合留在记忆里。

对白永远经典。",张国荣、林青霞、梁朝伟、张学友、张曼玉、刘嘉玲、梁家辉……再加上王家卫，这阵容无敌了。
爆裂鼓手,8.7,377280人评价,https://movie.douban.com/subject/25773932/,我在同样变态的师傅手下呆了三年，祖宗十八代被骂了个遍，没空吃饭上厕所睡觉交朋友谈恋爱，脊椎侧弯，颈椎强直，严重慢性疲劳，什么都没干，就是学敲键盘写文章。而我的极限在我妈看来不过是纸上吹牛皮而已。这个世界从不善待努力的人，努力了也不一定会成功，但是知道自己在努力，就是活下去的动力,"我不否認在觀賞度上，這是部精彩的電影。剪輯犀利，節奏甚好，男主男配都有優秀演出。但是我不認同裡面所肯定的價值觀。亦即用肉體/精神虐待逼迫出來的人才是真天才，並認為這種""犧牲""是必要。我只能說那是終於找到男主可以互殺互陰配一對，但在那之前毀掉了多少個喜歡音樂又有才能的學生?",J.k.西蒙斯应该能拿下男配！这片子的节奏感实在太棒了，爵士乐和剪辑简直融为一体了，还有西蒙斯机关枪版恶毒的台词，脏字就像鼓点一样密集且激烈，几场打鼓的重头戏在镜头上都是细碎古怪，靠剪辑重新赋予整体戏一气呵成且不断加速的节奏，可惜整部电影还是碎的，否则就真成大卫·芬奇了。★★★★,励志你妹，鸡汤你娘，努力就好是废话，干得不错是毒药，人们只看结果,看完许久心跳还在加速，并觉得绳命的心跳从此都会加速下去。Simmons脸上的皱纹变化比鲜血四溅还有戏。各方面都水准极高的处女座（导演真是nice到爆，聊天聊的老开心，祝福前途满满<3
记忆碎片,8.6,422220人评价,https://movie.douban.com/subject/1304447/,你可以连看5部烂片 然后忘掉他们 或者用同样的时间 把《记忆碎片》看上5遍 然后爱上它,神奇的剪辑让故事内容呈现出了光怪陆离的多种路径，在记忆的初期，只需要烧掉两张照片，多加一个注脚，命运就会像一俩失去了刹车的悍马一样在历史的胡同里横冲直撞，莱纳在片刻清醒时的自问自答讨论存在感，需要多看几遍才理解,如果还没看过，那么现在最该做的是千万别看任何有关的评论，立刻飞奔到影碟店，买张带导演评论的D版，然后开始失忆之旅。,这片看起来太累了。。。,在六月五日的前一天特意看这部电影的，想了解一个没有记忆的组织，是如何确认自我的，在开头的时候还真以为没有记忆也是能确认自我的，然随着电影延伸，最终仍旧证明一个没有记忆的组织是没有自我的。一个没有自我的组织，在这世界做什么呢？复仇，杀人？
荒蛮故事,8.8,276948人评价,https://movie.douban.com/subject/24750126/,《恨我的人都去死吧》《姑娘，让我喂你的仇人老鼠药吧》《古有泼妇骂街，今有壮士斗街》《该死的收费站，炸裂》《黑吃黑谈判》《相爱相杀的婚礼直播》，喜欢第一个，第三个，第六个。,同样展现社会暴戾情绪的阿根廷版《天注定》，但要比后者艺术、幽默和高级很多。可以从中胡乱联想到马航、反拆迁、药家鑫、T3爆炸、深圳车祸顶包，外带一个巴尔干谅解式的合家欢结局。,人生的大喜大悲实在是太TM刺激了。8.7,"又一个酒神附体的电影，有笑有泪的复仇大赛，库斯图里卡的黑色味精，昆汀的血色糖精，加点马卡维耶夫的迷狂春药，好玩。最凶暴的两个司机玩命斗气斗殴那一段，跑到奥迪车头拉粑粑的司机要是腹泻，就棒了，可怜我最喜欢的Joe Esposito单曲《Lady, Lady, Lady》为这么重口味的故事伴奏。",本年度最惊喜的一部喜剧片。6个故事罗列在一起，不拥挤不仓促，每个独立都有各自独立的笑点，整个集合在一起就像一头猎豹一样，用冷冷的双眼观望这个社会。还有每个故事的镜头，场景运动都相对独立，具有新意。非常的阿莫多瓦和鞋拔子昆丁。
贫民窟的百万富翁,8.6,547486人评价,https://movie.douban.com/subject/2209573/,"just a love story again 基本上就是：《上帝之城》+《猜火车》+《阿甘正传》+《开心辞典》！本片又名：山寨富翁 / 阳光小阿三 囧！

",深刻体会到命中注定一词的含义了。怎么那么多人打5星，我客观点还是给了4星。没办法，最高就是5星，我觉得这片子不至于最高，要不然猜火车该往哪放呢！,一歌到底，谁解我心,在这样一个现实社会之中，杰玛赢走的不仅仅只是金钱！而是生活在水生火热的底层社会中的每一个民众试图改变自身命运的梦想。,实至名归
头号玩家,8.7,966792人评价,https://movie.douban.com/subject/4920389/,游戏宅和影迷的春药！还原《闪灵》那场戏看到要爆炸了！值得去电影院刷十遍！,9。我爱这部电影，就好像我的梦想是能进入马丁·斯科塞斯的《出租车司机》，看罗伯特德尼罗枪杀嫖客和鸡头，营救朱迪·福斯特。所以，我爱这部电影。,公民凯恩串起了闪灵、鬼娃、高达、哥斯拉、亚基拉、街霸、铁巨人、金刚、龟波气功……，加上迪斯科音乐和各种游戏卡，简直是是一部全球世纪流行文化编年史。感谢撕皮儿剥壳，把我们这些大孩子一把拉回追看《回到未来》和《夺宝奇兵》的神奇年代，跟着逼真的特技和癫狂的想象去重温我们的“玫瑰花蕾“。,     大开眼界！对我这个只玩过斗地主的电脑游戏盲来说，《头号玩家》的内容确是匪夷所思。年轻观众欢呼雀跃的无数“彩蛋”我常常无从辨识，一头雾水，但是观影体验仍然痛快、满足。比我小四岁的老导演斯皮尔伯格，如此旺盛的艺术想象力和娴熟才华，让人佩服不已。后半部渐显落套，也无可苛求。,老男孩斯皮尔伯格或许借此片宣告了未来电影的走向，电影不再是用来看的，而是用来玩的
黑天鹅,8.6,612387人评价,https://movie.douban.com/subject/1978709/,在离成功还差一步之遥的时候请不要丧心病狂,“我感受到了，感到了……完美。”一段用走火入魔来成就的完美，亦真亦假、亦实亦幻。影片从始至终都弥漫着黑暗的色调，很惊悚，很压抑，无论配乐还是摄影都极其吸引观众。娜塔莉·波特曼颠覆以往，奉献了一场精彩的演出。★★★★★,有点无聊 教育我们不要逼自己太紧,其实没想象中精彩，精神分裂的表现力度不太够，手法也比较陈旧，差出fight club几个档次，大半夜的愣是没让我有一丁点紧张或局促的感官反应。反倒是配乐和Natalie的精彩表演收服了我，整部电影在交响乐的烘托下活像一出慷慨悲壮的天鹅舞剧，Natalie美翻了,這部電影真酷！ Natalie Portman太棒了...好幾幕看得我眼淚都快出來了太難過了嗚嗚嗚~~
人生果实,9.5,77442人评价,https://movie.douban.com/subject/26874505/,怎样才能活得像个人一样呢？爷爷90岁奶奶87，身为建筑家居住在二层木结构老屋里，每日在自家庭院里锄地拔草、捡落叶、挖土豆、摘樱桃梅子、采核桃柿子、做木工、熬果酱、烤蛋糕、酿酸奶、打年糕…还要给笔友写十封信，亲自骑车去邮局寄。住得像个人，吃得像个人，像个人一样工作，死得像个人，如此，就有了像个人的尊严一生。,活得越久越能明白，人生是循序渐进，不紧不慢的过程。孜孜不倦地去活，自然会结出丰硕的果。,风吹枯叶落，落叶生肥土，肥土丰香果，孜孜不倦，不紧不慢。家应该是生活的百宝箱，所有的答案都在伟大的自然界当中，活得越久人生就会愈加美好。,真了不起啊！生命可以活成的最绵延温柔的模样。,生活中真没见到90岁还这么身体硬朗、精神矍铄，没有什么老态的老人，可能是老两口做任何事永远都是亲力亲为的原因吧，人生的果实，其实都是年轻时结下的，所谓性格即命运，真的是没有错。
花样年华,8.6,386059人评价,https://movie.douban.com/subject/1291557/,"王家卫最强的,就是让人掉到一种情绪中去",这些年来我一直想问你，如果有多一张船票，你会不会跟他走？,“回去给我打个电话，你不用说话，响三下就好。”看这部时真的会觉得旗袍就是为张曼玉而生。,最喜欢的一幕，还是突然响起的《Quizas Quizas Quizas》前奏，电话这头的周慕云，电话那头的苏丽珍，没有对话，但彼此好像听得见对方的心跳。无论故事还是爱情本身的可能，一切尽在不言中。这就是王家卫。,最棒的故事不是大战七七四十九个回合，而是欲言又止。
你的名字。,8.4,921124人评价,https://movie.douban.com/subject/26683290/,这部片深刻地告诉我们 一个有好剧本的诚哥有多可怕 ☄,新海诚用这样的故事去温暖城市中每一个仍然愿意相信爱的人。在这么大的世界里，能够遇见你，竟然需要如此用力。穿越错位的时空，仰望陨落的星辰，你没留下你的名字，我却无法忘记那句“我爱你”。,这一次要给新海诚打200分，在我鄙视他不过只是纯情小清新的10年前，没料到有朝一日会在电影院里哭到断气。恍惚看到了穿越时空少女时期的细田守。为所有的少女心和中二病鼓掌，青春不死就能相遇，就能拯救地球。现在我抹着眼泪走出影厅，看到后排的少年摘下眼镜，嚎啕大哭起来。。。,和《追逐繁星的孩子》同个毛病——一个平时专注于言情的人看了科幻小说之后可能就是这样的，他执着于用新学到的概念来包装自己的认知，而不是放手让这个概念去革新它。,新海诚花了十年，让男女主在擦肩而过后回头叫住了对方。
卢旺达饭店,8.9,193814人评价,https://movie.douban.com/subject/1291822/,"很早以前看黑镜头就知道这段历史了
片中还是侧重于胡图族对图西族的屠杀
但实际上 在图西族控制的地区 
对胡图族也发生着同样的杀戮
这是一场无法说清的事实
事实没有真相
只有荒谬的让人不可理解
人们用最原始的武器棍棒刀叉去和自己的邻居搏命
只因为他们觉得 不杀死对方对方就会来杀自己",我所听过的最美的片尾曲，震撼心灵的人性故事，愿真善永存，苦难和邪恶远离所有人,以剧情片类型来拍种族灭绝的题材，总觉得轻飘和虚假。失分还在于单线，一个西方度假饭店经理的独角戏，再如何渲染，也显得单薄。最后小团圆的包袱吊了一大半时间，终于解开，也太模式化了。最有价值的是借此了解了屠杀背景和胡图图西的殖民地渊源。,人祸最惨。可我们看完新闻，还是会安心的吃完晚餐。,堪与辛德勒名单媲美的影片
釜山行,8.5,740992人评价,https://movie.douban.com/subject/25986180/,一切灾难皆人性，唉，最后那一枪要是开了，就是神作了。,这部片子里的孕妇和甄嬛传里的孕妇战斗力不是一个次元的,目前亚洲商业片的最高水准 看完之后对国产电影充满了愤怒。,这绝壁是散户在电影史上被黑得最厉害的一次……万恶的基金经理在收割韭菜后依然成了英雄……,僵尸进攻的部分比较过瘾，火车拖着一尾巴僵尸的部分视觉效果很有趣；人文部分十分韩剧，社会讽刺过于直接而显得无趣了，男主那洗衣液CF般的闪回、洗手间哭泣都太cheesy，其实马东锡才是英雄，只是被塑造得不壮烈罢了；镜头感、节奏感so so，演员们演得不够害怕，有的部分特别明显。拜托，是僵尸也！
忠犬八公物语,9.2,122358人评价,https://movie.douban.com/subject/1959195/,我等你是因为，再没有人像你对我那么好T T,"阿八，为何要等一个永不回来的人呢？？

",哭死我也,很感人的故事，觉得这版很好，“阿八，为什么等一个不回来的人”进度条一半就开始哭，平淡的剧情，后面教授去世开始虐心，小细节动人，后来阿八太凄凉了,我妈从未养过除了我爸 我 三条鱼之外的任何活物，但是我有个习惯，看到动物题材的任何东西，泪腺都会特别发达，甚至是角马迁徙纪录片，我记得看完八公心里唯一的感觉就是我会有自己的狗跟喵的，动物跟人之间的感情，纯粹简单，你养我，我忠你，不离不弃
头脑特工队,8.7,396822人评价,https://movie.douban.com/subject/10533913/,这要不是明年的奥斯卡，我直播吃三斤翔。    2015  6.21,不止是卖萌的画面和天马行空的想象力，看完电影后会重新审视自己的情绪，记忆，甚至梦境。BingBong消失的时候我哭得和Toy story3结尾时一样……,全片我大概50多次情不自禁的 “哇”， 甚至看到热泪盈眶。皮克斯的人都是从另一个世界里走出来的，太有创意了。结尾彩蛋，终于知道喵星人为什么都是蛇精病了，哈哈,单看海报，可能动画形象并没有那么招人喜欢。可是整部电影的充满着想象力，它似乎为我们日常生活中的很多想法与行为赋予了合理性。这应该是一部给大人的动画片，很多桥段成大了才会更有感触。,这部探索“脑洞”的动画新意十足，重回最高水准的皮克斯用它成熟而独特的叙事节奏牵引观众的内心，成长道路上的阵痛与迷茫最终迸发
雨人,8.7,297769人评价,https://movie.douban.com/subject/1291870/,ray……听上去很像rain，愚顿的哥哥曾经对心爱的弟弟说，我是rain man。直到生命进行到成人的阶段，弟弟才突然想起，童年时，他的生活中曾经有一个爱他疼他的雨人……,年轻帅气的阿汤哥，让人眼前一亮的霍夫曼。故事简简单单，配乐大气，并没有特别煽情的段落，不刻意讨好，不哗众取宠，让人看起来十分舒服，让人感动在不知不觉中。★★★☆,演技派与偶像派的完美结合，感人,任性是缺点，坚持任性就是自闭症，我不过是病的稍微重一点儿而已，就已经很难被世界容忍了,霍夫曼的眼睛太深了
模仿游戏,8.7,411138人评价,https://movie.douban.com/subject/10463953/,看完之后才理解为什么学校的数学楼叫alan turing building，为什么工程学院的咖啡馆叫enigma cafe,太惨了，做人怎么能这么惨，惨得我和女士看完电影坐在椅子上一边擦眼泪一边思考了五分钟人生，上一次哭成狗的lgbt电影还是断背山。现在终于感觉，一个很厉害的人过得很惨，比一个很惨的正常人丧多了。,1最佳soul mate是去掉性吸引力 你仍是完美伴侣  2唯一爱你的方式，是建造一部解决人类所有问题的机器，冠以你名。 卷福又上升了一个新高度，演绎淋漓尽致  结巴天才四星半,拍的太平庸了。本片的主题：德国人被任性害死了。我们英国人真厉害。我们破解了密码。我们击败了敌人。我们发现了间谍。我们真伟大。【英国人你们还记得剑桥五杰怎么拼嘛？马脸充满着“我就是一个天才”的气质，演技是很好，但剧本的刻画太单薄。即便如此，征战美帝没问题。美国人不是喜欢英国的文化嘛,最后她去看望他，拥抱他。他孤独地站在那一排为之奉献一生并恩泽全人类的庞大机器面前说，I’m not alone，never have been。然后伸手抚摸那些柔软的冰冷。它是他的恋人。而谁记得，孤独的孩子，你是造物的恩宠。
黑客帝国3：矩阵革命,8.7,278474人评价,https://movie.douban.com/subject/1302467/,不说好，是因为你没看懂,严重被低估的好片。我走到哪里都为它叫好平反。,在《黑客1》的结尾所说的那个“无限可能的世界”无疑给了我们最美好的憧憬，但是在《黑客3》中，尼奥的死亡却达到了弥赛亚主义的最高潮，虽然“上帝之国”依然没有得到建立，虽然最后的平衡只是暂时的，但是《黑客帝国》依然给我们留下了一个大同世界的梦。,不管别人怎么说，我觉得这是我看过最完美的系列电影。,"黑客帝国全套都喜欢,有空再看...嘎嘎"
一个叫欧维的男人决定去死,8.8,241913人评价,https://movie.douban.com/subject/26628357/,你讨厌的那种老爷子和你讨厌的那种邻居终于敞开心扉彼此接受的过程。豆瓣最近很流行这种“独婊好，不如众婊妙”的电影，是因为天气太热没有社交所以盲目迷信人与人的亲密关系吗。坦诚面对自己吧，你就是讨人嫌，你就是丧，没必要去跟其他婊子混在一起。,笑了哭哭了笑。人老了真的很容易变得“讨人嫌”：我奶奶八十多岁有一次不小心滑倒骨折，之后她每天都在说，我为什么还不死，活着简直就在给大家添麻烦。那时候我回去看她，被她念得头疼。现在她九十好几，以为我还只有十五六岁，她好像记不太清年月，但有时候我又觉得，她其实什么都清楚。,这部电影的前十分钟就是我们的未来，旁友们。独居，失业，没有另一半，被年轻人嫌弃，想死死不成。,看天水圍的時候我想，生活就是這樣了。但發現後面還有陪伴。看這部劇的時候我想，生活就是這樣了。但發現以前還有惠及一生的美麗。心都是柔軟的，只要有適當的觸及。,你身边每一个不讲道理的大爷，都可能是一个有故事的男人，他曾经拥有一段浪漫的爱情故事。
你看起来好像很好吃,8.9,234695人评价,https://movie.douban.com/subject/4848115/,里面的恐龙都像是一群会走路会说话的龟头,这个故事告诉我们霸王龙也是可以过肩摔的！！！！！！（小甲龙的声音怎么可以这么萌T▽T（话说这片是天然腐啊兄弟爱父子情敌友CP啥的,怎么看都是个大悲剧啊！！最后……这群萌萌的恐龙们……全都灭绝了。,曾经被这个系列的漫画感动到哭。电影版努力融合了原版的几个故事，但最终把原作的悲剧改成了温情，催泪效果因此减弱。一定要看原作。,http://v.youku.com/v_show/id_XMjQ3NjUzMzAw.html  又囧又萌还很搞笑。
无敌破坏王,8.7,360760人评价,https://movie.douban.com/subject/6534248/, 必须今年看过最好看的动画片！在电影院听到我大村姑团的歌曲实在太威武了！,不容错过！每一个镜头都充满了惊喜~！每一句话都充满笑料，结局也带来很多感动。影片里出现了很多经典游戏人物，有美式的，也有日式的，身边的老美一个个看的惊呼声不断~~！,这难道不是Pixar出品的吗？,蜀黍和萝莉、御姐和正太的逆天组合，和《复联》《林中小屋》一样，以“穿越”串起主轴，却没有前者的一锅乱炖，而是毫无违和感。以“反英雄”主角的消极情绪，一路升温来找回正能量。倘若你曾是8位机或游戏厅的玩家，必定能够旧梦重温、重拾童趣！,一个反派从自我否定到自我认可、从被别人轻视到被别人需要的叛逆冒险之旅。但其实画面、配乐、字幕已经足够让感官享受很久了。中途睡着后再醒过来也一样可以看哭，又破涕而笑。
未麻的部屋,8.9,176463人评价,https://movie.douban.com/subject/1395091/,片子结尾将一切坐实为留美所为不能不说有丝遗憾，其实我个人更赞赏影片60多分钟时的那个剧情构思和说法，即，之前所发生的一切只是一个名叫高仓阳子的平凡女子的人格分裂，把自己幻想为偶像歌女雾越未麻，把自己不堪回首的遭遇幻想成在演戏，藉此得以解脱。,这绝逼不是给小孩子看的动画,"1小时20多分钟的片子, 却感觉像2个小时的片, 不是因为无聊难耐, 因为涉及几个人的人格分裂和精神错乱等, 情节复杂而且引人入胜, 给人一种内容满满的感觉, 同时故事的节奏处理得相当好, 讲述得干净利落, 一步到位, 点到辄止. 不过真想不到, 今敏也会有这么残忍的作品...",080331 今敏的片子比宫崎骏的假大空好太多，110分钟分分钟无法释怀，越到后来越奇妙,惊艳，这片子夏天看可以降温。
恋恋笔记本,8.5,447456人评价,https://movie.douban.com/subject/1309163/,1.先入为主是王道。2.等人不要等過7年。,爱情没有那么多借口，如果不能圆满，只能说明爱的不够。 ,英俊的木匠啊，一見鍾情的表白竟然能支撐整個一生。如果在現實里能有人長情到這地步，哪怕是同性之間的相濡以沫，也值奮力擁抱死去時緊握雙手。她恢復記憶的時候不超過五分鐘，推開他的一刹那，比任何一次的分別還要惹人眼淚。最後算是圓滿，你不會失去什麽，在蹣跚、年邁、冰冷軀體，舊時的烈火中。,老人不是诺亚，那是最感人的一笔,本来说富家小姐怎么就非得看上伐木工啊，看到床戏的时候就完全明白了！
冰川时代,8.6,435366人评价,https://movie.douban.com/subject/1291578/,很久很久以前的冰河世纪，一只剑齿虎攻和一只树赖受相遇了……最后他们和宠物长毛象幸福的生活在了一起。THE END~,不同类，要成为集体，是多么艰难，又是多么简单 类与类融合很难，个体与个体相爱很简单 爱都是个人的事，与种族无关,说明了人类的孤芳自赏与自大无知，在史前一万年前动物们就已经知道如此了。老虎都这么有情，叫那小孩情何以堪。原来唯一不会使用英语的竟是人类，更讶异的是，那小松鼠直接改变地球生物史。其实他才是主角.8分,哈哈，那只贱贱的松鼠实在是太令人想搓拉几下啦。,很喜欢那只抱着松果的小松鼠，很有趣。
哈利·波特与阿兹卡班的囚徒,8.6,355140人评价,https://movie.douban.com/subject/1291544/,把原著和电影对照了一遍，感觉这部才算叫作真正的原创改编：节奏感和悬疑氛围不徐不疾，小节上处处精雕细琢。卢平最后那句“mischeif managed”比原著更回味无穷，足见阿方索暗黑大师的功力。相比之下后面的五部简直只能用鸡肋来形容！,阿方索·卡隆把黑暗紧张，幽默风趣，还有机智巧妙的构思完美地融合在这一部电影中，让人意犹未尽。,原本的故事在精彩程度上或许不如前两部 但却是最富有内涵的 一定程度上抛开了过于浓重的儿童读物气息 电影也是系列中最为优秀的 换了导演之后风格上的突破很大 特别是开头的设置 服装设计也越来越对味了 导演还执导了Children of Men 很能在影片中表达自己的思想,能感觉导演想拍出不一样的Harry Potter,偏爱这一部！虽说是唯一一部伏地魔本人没有出场的，却并不觉得缺点什么233，非常精彩，爱死活点地图！
海边的曼彻斯特,8.6,337550人评价,https://movie.douban.com/subject/25980443/,那些劝我们向前看的朋友，“不是所有人都可以和过去和解”,这么多年看电影教会我尤为重要的一点就是独立意识，不要去迷信什么口碑，自己的感受是怎样就怎样，怒我直言，真没看出这片子好到了什么程度。,又名《回忆杀》。有遗憾和失望，二刷后感觉对角色的好感甚于电影，卡西的角色写得演得太饱满了，让我对这个角色产生了依恋感。,如今的影评人动辄靠骂“中产阶级”来博人眼球，只要喊“中产阶级”去死就有SB点赞，这我忍了，可是！人家一水管工也要被讲成是中产阶级，实在替凯西咽不下这口气！看电影只看到“阶级地位”、“政治目的”，人电影没你想的这么黑暗！而且我天C也已有25%的人是中产阶级了， 各位中产请不要自己打脸！,人生的伤口，二十五岁之前怪父母，二十五岁之后怪社会，最惨就是巨大伤口摊开在那里，腐臭流脓永不愈合，然而，无人可怪
海街日记,8.8,260092人评价,https://movie.douban.com/subject/25895901/,把绫濑遥、长泽雅美、夏帆拍得美，是一件太简单的事——譬如开头。但在多数时候，是枝裕和故意让她们显得没有那么美，与那座老房子和日常事物紧密粘合。一花一世界，一木一浮生。反正打开二十秒，后面就停不下来，不想快进不想暂停更不会想关掉。说很平淡很无聊的，开什么国际玩笑啊。,“活着的东西都是很费工夫的” 淡淡的日本家庭片。只需微笑和淡然，便可解开心结。,“生活中的人来来又去去，自己的日子还是要一步一步走”，处于道德困境中的普通人，要如何通过和家人的沟通达成和解，大约是所有是枝裕和电影的主题。电影始于葬礼，终于葬礼，却感觉不到悲伤，如绫濑遥的笑容，安定又给人希望。剧作为了面面俱到，说得很“圆”，所以可能有点刻意,镰仓，小镇，海，房子，家，食物，四姐妹，是亲情和生活的美好。有死亡，有别离，有苦乐参半的记忆，四季的风景轮回，小镇的生活点滴，食物是生活的态度，吃就是活着的一部分，很温暖，很治愈，是枝裕和导演越发有大师风范了，这个世界上也只有日本导演可以拍出这么细腻美好的家庭剧。★★★★,不能以过去的眼光去看是枝裕和了，发行从艺术院线到东宝，五十多岁的是枝裕和才第一次拍摄人气女优主演映画，一来还是四个，“压力”确实不小。电影虽然剧本和剪辑上都有些问题，但“女优美，长腿美，镰仓美，日料美，生活美”可以掩盖了这些问题。四姐妹几乎都完成了自己最好的表演，年度推荐！
二十二,8.7,202483人评价,https://movie.douban.com/subject/26430107/,我个人很欣赏导演的镜头语言，不掺杂过多的个人见解，没有试图把国家的灾难强加给个人进行“升华”，也没有过多感情的宣泄，零碎化、生活化的呈现，描述的近乎是二十二个普通老人的晚景。这也就够了。,对她们的正确称呼是<二战期间被迫充当“慰安妇”的受害者>。,我们从不缺乏对英雄的崇拜，可很少有人佩服平凡人承受苦难的那种了不起。 ,一生的苦难都过来了，到最后也只有一座卑微的坟头。2017观影最佳。,看看那些整天喊着要打仗的脑残们。
虎口脱险,8.9,161302人评价,https://movie.douban.com/subject/1296909/,"娘的,这就是货真价实的喜剧片",老少皆宜，上海译制片厂献声,法国的轻喜剧。你只有越看越像喜剧。,永远都记得在浴室里唱着“鸳鸯茶、鸳鸯茶”、对眼打飞机，经典喜剧,“胜利属于我们” 没想到60年代就能产出如此纯粹的喜剧。
新世界,8.8,210109人评价,https://movie.douban.com/subject/10437779/,弄巧成拙姜科长，无心插柳李子成，唯我独尊李仲久，超长待机是丁青，壮哉天朝大黑客，实力助攻小延边，智商不够高局长，我没看够宋智孝,md，太好看了，害怕她一点点演完。虽然一开始就猜到了结局，但是拍的真带感啊，尤其是戏骨黄的车库突围戏，那叫一个悲壮。棒子又一次感动了我，好电影,最后还是华侨统一了南棒黑社会，中国人最狠啊。。。,怎么办，，，，我觉得他比吴彦祖都帅,想对姜科长说 做人要厚道 做警察尤其要厚道 不信抬头看 黑道自有真情在 BGM怒赞
房间,8.8,269599人评价,https://movie.douban.com/subject/25724855/,小演员没提名最佳男主角，一定是为了把小金人让给莱奥纳多。,获救或创伤治疗的故事本身俗套，杰出之处是对那个孩子经验的世界的展示，我们都曾独有那个先验的经验主义的特异时空，却最终被这个符号的单一世界取代，有人温柔告别有人没有告别有人甚至忘了它的存在。问题不在于world解放了room，而是我们应该将room扩展至world，如果这真的是德勒兹的世纪。,小孩完爆小李子,多伦多人民眼泪奖吧。Room是牢笼，母子俩一直都在逃脱，前半部是身体逃脱，后半部是心理逃脱。前半部有噱头博眼球够精彩，母子第一次在外面世界拥抱时无比催泪。但之后对心理上的转变的处理有点软塌塌，能感觉已经克制煽情，但试图从小孩儿的视角来描述心理上的微妙转变似乎难度过大，没拿捏好。,目前看到的年度最佳！在相对自由和绝对自由之间，电影让我看到了人活在现代社会究竟是一个什么样的状态。虽然空间的转换让电影表面上画风突变，实际上不同空间里人对周围的反应没有变，时而压抑得令人发抖，时而被温情融化。爱让人安全，为了得到安全我们开始占有，占有又毁灭了爱。
雨中曲,9.0,141396人评价,https://movie.douban.com/subject/1293460/
哈利·波特与密室,8.6,373974人评价,https://movie.douban.com/subject/1296996/,snape越看越可爱。这部好多梗哈哈。,略逊于前作，但有精彩的剧情作支撑，整体还是不错的，赫敏越来越漂亮了。,"""It is not our abilities that show what we truly are,it is our choices.""👍（ps：Dobby好可爱～😄）",3星半，比哈1加半星，我最不满意就是电影根本都没把要讲的事情讲清楚。如果时间不够的话，变身高尔那对胖子不知道有什么必要描述那么详细，完全是主次不分。金妮的事情根本就没有讲，完全是最后一句话交待，太无语了。,重温有个好处，就是能发现很多从前没注意到的小细节。例如金妮见到哈利一声尖叫，例如弱鸡的罗恩二话不说掏出魔法棒攻击对赫敏出言不逊的马尔福，例如哭泣的桃金娘的回忆。坏处就是以现在的眼光看总觉得伏地魔输得憋屈，最后的决斗也打得像过家家。
恐怖游轮,8.5,536331人评价,https://movie.douban.com/subject/3011051/,好吧，Triangle，多好的名字，谁TM给译成《恐怖游轮》这个标准的B级片片名的！？,在叙事上真是一个奇迹。自《蝴蝶效应》以来，看到过最好的叙事逻辑。,无限循环。衔接点是个漏洞。洞不大。,所谓心魔往往就是一念之迷。其实只需在任一环节小小改变，循环即可终止。有话说：人生大部分痛苦，都來自于该离场时，不愿离场的执著。不过，西西弗斯式的轮回，看似一个惩罚，一个永远沉沦、万劫不复的诅咒，同时却也是我们籍由“一再面对相同的境况”，而学会和弄懂生命课题，并由之毕业的唯一方式。,影评有时候可以比影片本身更牛逼
人工智能,8.6,298225人评价,https://movie.douban.com/subject/1302827/,那只熊在自己缝自己！！,如果不能爱我很久，为什么要启动我爱的程序？,让我看哭的都是好电影,我只想成为你的唯一，获得你全部的爱。,每看这样的片子，都对人类更绝望。卑鄙、愚蠢、自私、懦弱、残暴，实在是宇宙间最丑恶的生物。别怪塞林格会说：我认识的人越多，我就越喜欢狗。
魔女宅急便,8.6,319003人评价,https://movie.douban.com/subject/1307811/,我喜欢她头顶的大红蝴蝶结，还有狠狠白那个小男生的一眼,宫崎骏的动画总会让人觉得这个世界美好无比。,空中快递将会是未来物流业的核心！没想到日本人早在上世纪80年代就想出来了！7.7,这是一部令人身心愉悦的动画片，画面柔和甜美，音乐明快，观影过程如同在海边沐浴着柔美的海风，心旷神怡。两只猫轻轻走过爬满青藤的墙上，那种水粉画般阳光充沛的慵懒午后的感觉在心中荡漾开来，世界是如此美好。这就是我们心目中理想的海边小城，宁静祥和，人们衣着整洁、面带笑容，永远快乐地生活,自从吉吉不再讲话，我的姨妈就使劲作
惊魂记,8.9,153459人评价,https://movie.douban.com/subject/1293181/,看这部电影必须回答一个经典的问题：女主角遭到刺杀时，镜头直面花洒，花洒每一条水痕都清晰无误如同肉眼看着一样上镜。请问，摄影机是如何做到的？,且看诺曼的last smile  毛骨悚然！,80W成本的电影业同样可以做到流芳百世，希区柯克缜密的思维、独特的运镜，加重了对细节的刻画，其隐喻也值得回味，结尾那具骷髅头更让人不寒而栗。据说此片开创了人格分裂电影的先河，同时也暗示了希区柯克本人的“厌女癖”。,都不敢洗澡了...,希区柯克这回出现得太早了点，让观影的乐趣一下子降了不少。还有最后那个心理医生那趾高气扬的神情让人很不舒服。
海洋,9.1,126132人评价,https://movie.douban.com/subject/3443389/,摄影加一星。影片本身缺乏凝聚力，几乎为单纯的影像展览。,人类是大自然最纠结的发明。但凡在大自然的和谐静美中出现人类的身影，非凶即恶、非恶即丑，一定是地球上最丢脸的存在、最恶心的物种，优胜劣汰、适者生存这样的说法可用来解释自然，但被用作强奸自然的由头、自我炫耀的工具，一切就变成屎了。如果人是不自大狂傲而只是充满好奇心和谦虚的态度，多好。,画面什么的没的说，但是好像没什么主题，只是硬要往环保上扯而已。,大自然很美好。而择其美好，为其配乐，加以剪辑，使之美好得如梦似幻曼妙呆萌壮丽秀雅，就是智慧了。 ,觉得阿凡达很壮丽？你得看看这个。
疯狂的石头,8.4,542471人评价,https://movie.douban.com/subject/1862151/,国内好电影,重温。别说，这片还真能经得住考验，也不是简单一句模仿盖里奇或多线叙事就能概括的。特别里面几组的人物都不仅仅是作为结构故事制造笑点等功能性的存在，而是几乎每位出场人物塑造的有头有尾性格鲜明紧扣主线笑果突出，还贴近生活反映现实，这就很难得了，在这方面石头其实做的比烟枪还要好点。,真大很有趣,有技巧的娱乐片,算比较经典的黑色喜剧片了，影帝真不是盖的
奇迹男孩,8.6,390896人评价,https://movie.douban.com/subject/26787574/,有种糖放多了的感觉，精华基本都在预告里了。但对孩子们的纯真友情毫无抵抗力啊，就像被温柔的抚摸了一下软肋。Jacob Tremblay涂着厚厚化妆都能感受到演技，小李子真好意思把奥斯卡摆在家里吗...,“生命流逝太快，我们都没来得及多看对方一眼。” 那个帮助奥吉的同学杰克·威尔，在跟同学打架后，委屈扑在老师怀里的表情太心碎了…,买票的时候很纠结，因为是完全可以预料到的剧情。这种温馨少年故事虽各各不同却又次次类似。若是你近来心情疲惫，这部电影是个流泪的好借口。,把“生而为人，很抱歉”，变成了“是个人，都应该与人为善”，多视角还挺有意思的。人与人的孤独重量，都是同一种地心引力。虽然不出意外的，所有人都是自带光芒的nice好人。,结尾把奖颁给另一个小孩就好了，特殊人群需要的不是特殊关注，而是不被当成特殊人。
罗生门,8.8,206677人评价,https://movie.douban.com/subject/1291879/,谎言是人性的救命稻草,倒没见着大的恶，只见到了人的软弱以及在他人面前掩饰这软弱。。或许软弱就是恶？片头还以为是中国片呢，林中那段光影很不错。里面的笑声有些做作。。。,1950年，震撼！,"如果早看便会早明白一些事,但有些错仍需不可避免地犯.所以不必费劲脑子想那些没亲眼见到的事.见到都未必与对方达成共识,何况只是听说只是异想.",人类生来就是自私的，在这个故事里没有谁对谁错。谎言＋推翻，即使在近几年这种形式仍旧很时兴。
燃情岁月,8.8,206857人评价,https://movie.douban.com/subject/1295865/,我欣赏忠诚于内心，忠诚于野性的灵魂，因为他们坚持自我所付出的代价，我付不起,波澜壮阔的西部美景 令人无法拒绝的自由之彼特 我心狂野 不是人人都能够懂得,皮特就是这部最帅了吧,TRADITION.真他妈legends！里三层外三层都是琼瑶阿姨...妻离子散哦...家破人亡哦...国家使命哦...男才女貌哦...宏大家族哦...爱得死去活来哦，女主角出场必洒眼泪...我对此类型已无感...,是深渊也是大海，谁能担当 
终结者2：审判日,8.7,239670人评价,https://movie.douban.com/subject/1291844/,液体机器人好帅,宿命的终结，伟大不仅在于超越时代的特效。,"影史少见的第一部就足够经典，续集还能超越第一部的电影。
《终结者1》中，约翰·康纳将里斯传送到过去；
里斯又和莎拉·康纳生下约翰·康纳，形成一个闭环。
《终结者2》也是如此，正是天网将T-800传送到过去，才让人类得到终结者的芯片，从而得到灵感发明了天网，互为因果。
所以他们要找到迈尔斯·戴森，打破这个循环。
迈尔斯·戴森在平行宇宙是发明天网、间接毁灭世界的罪魁祸首，在这个宇宙却成了以生命为代价保...",液态机器人的创造者叫戴森，所以脑袋就经常被轰成中空的圆形。（胡扯==,永远记得第一次看本片时的情景，那个下着雨的清晨，用家里的旧DVD播放器放了那一张不知道从哪里搞来的港台盗版光碟，用半上午时间看完了本片，时至今日我依旧能够回忆起当时哭成狗的我，它给年少的我带来的震撼是永生难忘的
魂断蓝桥,8.8,188189人评价,https://movie.douban.com/subject/1293964/,山盟海誓玉人憔悴 月缺花残终天长恨,"那么多爱情，都在等待中蹉跎了。别让你爱的人等你太久。 
",“我爱你，我从未爱过别人。”经典的爱情故事就是无论发生在什么年代，无论是在什么样的文化差异下，都能够唤起大家共鸣的情愫。★★★★,片子本身中规中矩，费雯·丽演技要加分！全片明确回避了“prostitute/whore”词汇，爱情戏也拍得比较克制，滑铁卢桥自杀场景的剪辑很棒，主题曲《Auld Lang Syne》闻名遐迩，让人百听不厌~ 但个人极度不赞成电影宣扬的这种保守甚至扭曲的价值观，更喜欢女二号的性格和思想。（8.0/10）,难以想象这部美国电影竟是近80年前拍摄出来，水准之高让人咋舌，观影过程非常投入，纯洁的爱情让人心生感慨，结局之悲哀让人无比痛心，估计当年在电影院赚了不知道多少美国人的眼泪。说回故事，故事脉迹非常简单易懂，一个纯真的女人因爱人之死心灰意冷，落魄到需要出卖自己的肉体，电影在处理这一段时非常含蓄克制，由始至终没有出现过多显眼台词去提醒观众女主角的卖肉事实，可是却让懂的人更为着急，重逢一幕让人感动，最终的...
穿越时空的少女,8.6,283333人评价,https://movie.douban.com/subject/1937946/,打多少星都不够,只因为青春不可重来，于是我们才会如此缅怀。这就是为什么关于青春的故事永远有人在讲，永远有人在唱，也永远有人愿意听。白驹过隙，时过境迁，岁月磨平了棱角，时间改变了容颜，唯独记忆被永久保留了下来，等到青春静静的沉淀，你是否能读懂了那封在青郁时光中埋藏在心底的情书？,情节未必值得推敲，但那份有关青春懵懂的情感十分真挚，令人感动。,"最后千昭的那句“我在未来等你""足以秒杀一切。 放课后的棒球、蝉鸣、反复跳跃只为吃到一个布丁，缺乏的勇气和自行车一遍遍经过的河堤，所有的一切都融化在那个夏天和你分离。",好想回去啊，那时候的一件小事，都是眼前的“灾难”，不会应对只能逃避，心里默念“快点过去吧快点过去吧”，就真的这样一下子过去很多年。再想回去，次数用完，谁都办不到了。
爱在午夜降临前,8.8,208605人评价,https://movie.douban.com/subject/10808442/,结婚快10年互相之间还有这么多话可讲，还有性生活，这他妈不是真爱是什么？,浪漫是浪漫，生活是生活。爱  是爱。这是三件事。它们相互不矛盾，不对立，它们只是，很难统筹兼得。（看到有恋人在我这条微薄里留言给另一半：“想在你拥有我的日子里，给你一个三者并包的人生。”默默地说，祝福你们！）,飞一般的超越，硬生生的被朱莉的嘴炮给弄哭了。。那些随口就能背诵莎士比亚台词的人们是多么的可恶啊！那些吃个下午茶都在谈哲学谈人生的人们是多么可憎啊！那些连夫妻吵架都引经据典的男女是多么可怕啊！对彼此来说我们多么重要，可最终还是过客，我失去你，不是以死亡为界，而是再一次。。再一次。。,“他们竟然____了”模式开启。从爱情的偶然到爱情的实然，浪漫也终于被相处的实用性取代。“就像日出日落，我们出现，我们消失，可最终只是经过。”那些琐碎的争吵怨念放在时间的河里似乎也就不算什么了。他最后向她朗读了一封40年后的来信——原来前18年还只是序曲，我流泪了...,作为Before的系列路，我终于在中年危机这里转了粉。Sunrise太甜，Sunset偏酸，只有Midnight酸甜苦辣都入了味。数度被台词戳中，我不得不一再提醒自己：那些只是台词，它们不是真的。
初恋这件小事,8.4,727624人评价,https://movie.douban.com/subject/4739952/,一场强大的暗恋背后其实还有另外一场相反的暗恋,要不是这狗血的结尾我会打五星的！最让我感动的反而不是初恋了，是这群丑小鸭之间的友谊，让我想起我初中时候的那群小姐妹，“朱古力跳跳队”——谢十三、吴玲、杨秀丽、徐星云、拉链、吴美，还有我，一共七个，傻妞！十二万分怀念那个时候的我们……向青春致敬！,MLGB，同样是暗恋，哥只能换回“其实你是个好人”,我好想跟男主角初恋啊！！！要不然初夜也行……,泰国青春电影总喜欢把简单事情复杂化（动不动还喜欢搞个再过N年后我们来相会），但你又不能不承认小清新这种东西人家是越来越玩转了。女猪那变化也忒大了前后判若两人；Mario整部卖萌啊！还胖胖瘦瘦的来回变啊~真神奇。自己跟那儿翻本子小感伤那段小感动了；阿拓学长很自私，鉴定完毕！
可可西里,8.8,198706人评价,https://movie.douban.com/subject/1308857/,看了陆川近年的作品...觉得这片绝壁不是他拍的,看着藏羚羊的眼睛，你的内心会怎样？,不是路川会做的更好,这次真不是因为陆川成功抢占道德制高点。看得我口干舌燥。,撇开抄袭、媚俗与占据道德制高点的嫌疑，影片本身质量还是没有问题。偏向伪纪录片式的写实主义风格，避免了刻意煽情或戏剧性渲染。摄影极美，表演过硬。流沙段落携带着窒息般的绝望与无言的惊惧；遍地的藏羚羊新鲜骸骨；星空。| 在这里，你留下的每个脚印都有可能是人类留下的第一个脚印。（8.5/10）
2001太空漫游,8.8,187774人评价,https://movie.douban.com/subject/1292226/,既为举世公认之经典，必有高深奥妙之内涵。若觉难以理解，不妨从自身找找原因。对超出自我认知水平的事物极端排斥已属不智，再加以肆意的诋毁和谩骂只会将无知与庸俗进一步放大。更有甚者分明是哗众取宠，名为鄙视随波逐流，实则借机标新立异，以此彰显自己是如何的与众不同。实乃跳梁小丑，贻笑大方。,原作作者克拉克：“如果有人觉得完全弄懂了《太空漫游2001》在讲些什么，那一定是我和库布里克弄错了。”,这不是照着剧本拍的，而是曲谱,李安评价自己最爱5部电影之一时说： “我非常崇拜库布里克，关于《2001太空漫游》我无法说清它究竟是一部怎样的电影，我当年第一次看这部影片时，它深深地吸引了我，那种感觉就像吃了迷幻药之后的幻觉经历。” 今天在资料馆大银幕体验，修复版让这种幻觉变本加厉，渗入到每一根神经。,牺牲了部分叙事节奏，但构筑起来的完整世界让人目瞪口呆。我觉得我要暴走了：这怎么可能是1968年的电影！！！这怎么可能是1968年的电影！！！它反科学反伦理啊！！！
完美陌生人,8.5,383735人评价,https://movie.douban.com/subject/26614893/,特别喜欢男主人和胖基佬这俩角色。,来啊，互相伤害啊！,结局怎么可能是和好，是没有做游戏的平行世界啦，彗星来的那一夜姊妹篇,通过男主人来看，看心理医生还是有用的；通过女主人来看，心理医生的生活也会很糟糕的~,人和人之间的关系是脆弱的
绿里奇迹,8.8,179732人评价,https://movie.douban.com/subject/1300374/,片子缺少一种关键的非现实渲染，让人感觉离奇得难以接受，但是仍然是一部好片子,天使也怕黑暗。,能把悬疑拍的好看我觉得有难度，虽然接近200分钟时长，但却不觉得冗长，值得回味的电影。,虽然很长，但真的好看,"故事性很强的传奇宗教寓言式电影。神爱世人，而世人却不理解这份爱。人类摧毁了神迹，而神却不忍让世人背负这罪名。1.【you can't hide whate's in your heart】2.【What happens in the Mile, always stays in the Mile. 】3.【If don't help,don't tell him.Ever.】4.【awful tir..."
小偷家族,8.7,549167人评价,https://movie.douban.com/subject/27622447/,最费力的成长留在树上的只有壳，最狰狞的伤口留在皮肤的只有疤。最动人的烟火绽在空中看不到，最深沉的感谢飘进风中听不清。你教我食物最美味的吃法，却教我获得食物最羞耻的手法；我学会祈祷最灵验的手势，也学会用来祈祷最不齿的心愿。我在商店里偷换掉童年，你在泥土里掩埋了伤疤，而我们组成了家。,那些说是枝一直致敬小津的人可以歇歇了。这次他拍了部让小津最深恶痛绝的今村昌平式的蛆虫电影。在瓦解冷漠虚伪的传统家庭概念的同时，他呈现了萍水相逢的蛆虫之间可以有怎样真挚动情的爱。一部以弱者的温和善意与牺牲精神挑战人类道德伦理制度上限的无政府理想主义之作。,“我只能教他们这些了” 特别安静，却有很大的力量，特别湿热，却像夏风一样清凉拂过…我小时候是从大桥下被捡回来的，我弟弟是从垃圾堆，为什么小时候家长都热衷于捡孩子？,水准接近是枝裕和最好的“步履不停”。几乎所有导演在拍摄底层家庭题材时都会有意无意的使用自上而下的镜头，只有是枝裕和永远能够保持温暖的平视。电影含蓄的再定义了家庭和亲情：在商店倒闭前，里面的东西都是无主之物；在这个小小家庭分崩离析前，他们就是有爱的一家人......,看的时候平平淡淡地过去，看完后简直不能细想，越想越沉痛。“羁绊”，卑微之人偶尔的连接生出从原生家庭那里得不到的温情，如此珍贵，也如此脆弱。每个人都被冲散了，孤零零地独自面对世间凉薄。活下去真难。
牯岭街少年杀人事件,8.8,173817人评价,https://movie.douban.com/subject/1292329/,近四个小时的长片，我一直不入戏，张震也青涩得让我无感，直到Honey的出现，我才静了下来。这个小混混里的前老大，竟然穿着海军服，又帅又温和，席地而坐说起他看过的最厚的一本武侠书，叫《战争与和平》，英雄主义浪漫至极致的悲壮。,威权压制平民，富人压制穷人，年长压制年幼，男人压制女人。被压制者又将对无可奈何自我的愤怒投射、发泄到食物链的更下端。坦克轰隆隆碾过，夏天要结束了，身后留下少男少女的尸体。200118 重看 @Metrograph.,张震小时候好萌...小明同学你好丑,【A+】杨德昌把这个世界看得太透了，透的可怕。,哈尼在国歌中缓缓穿过僵硬不动的人群，让人感到这是一个氛围诡异的政治时代寓言。黑帮冲突下是本土与外省的尖锐对立，面对“不要脸”的权力存在他只身求死成为本土命运的先知，无奈彼时无人理解他的行为，只有小四在环境的钳制下逐渐堕入没有出路的深渊。杨德昌超越自己水平的发挥。
阿飞正传,8.5,339234人评价,https://movie.douban.com/subject/1305690/,总有一些人以为自己是鸟。,他最终还是没能飞起来；她最终还是忘却了；他最终还是没能接到电话；她最终还是割舍不断；他最终还是卖掉了车；她最终还是去了美国；他最终还是踏上了2046；他们 最终 还是……,你 风华绝代,一群人的经典,愣头青假装小资青年
无耻混蛋,8.6,338538人评价,https://movie.douban.com/subject/1438652/,当法国人不讲情义，美国人不讲人权，德国人不讲原则，英国人满脑浆糊，犹太人大开杀戒，希特勒就死了。,希特勒死的时候我傻了,引用某影評人曾說的話：「一些得令的導演，由於創作泉源枯竭，只會從B級或C級垃圾片堆中覓食，美其名說向它們致敬，終究下過是垃圾再造垃圾而已。」,电影的魅力，他用电影创造历史,这部电影告诉我们：绝对不能相信美国人！
香水,8.5,404369人评价,https://movie.douban.com/subject/1760622/,一个单凭体香达到高潮的男人,有人曾告诉我他不顾一切寻找的其实是爱情的味道，爱情也有香吗？他试图拥有世上最奇异圣洁的香水，当世人在广场狂欢，以达爱与欲的颠峰，他却在最后发现他已失去爱人的能力。没有爱情，香味消失了。他仿佛从未存在过。,广场上，众人皆醉他独醒，众人皆X他盛装。,用少女的体香，酿造出最蛊惑的香水。只不过是为了留住爱人的气味，他所以为的救赎。而其实，“他本身其实就是一瓶香水，馥郁绽放之后终会随风消散。”,如果当作一个犯罪片来看就大错特错了。对白不多，但镜头美的像会说话一般，万人发春的场面堪称经典。这海报跟东野君《变身》的封面有什么关系？
谍影重重2,8.6,249521人评价,https://movie.douban.com/subject/1308767/,俄罗斯出租质量真好,"我发觉叫JB的都很厉害，是不是？James Bond, Jason Bourne",整个片子干净利落，扣人心弦。对自我身份的确认与对过去的救赎又让影片多一份厚重。,环游欧洲风情片..,马特达蒙最喜欢的动作影星。
新龙门客栈,8.6,301938人评价,https://movie.douban.com/subject/1292287/,那时甄子丹还没出名，在演大反派，林青霞因为《东方不败》、梁家辉因为《情人》都红到爆，但该片的最大受益人却是张曼玉。那个风骚入骨的客栈老板娘，成了武侠影史上跳不过去的一页。今后恐怕没人能比张曼玉演江湖客栈里的老板娘演得更好了。,无法超越的喜欢，风流却不下流，严谨却也狡猾的周淮安。风骚却不下贱，义气却不蠢钝的金镶玉，以及外刚内柔的真女人林青霞。比起后期的沉默气质，我更喜欢这与青蛇时期的张曼玉。每个演员都无出其右，每个节奏都恰到好处。心中最深的火舞黄沙之梦，有余悸更有不舍。,张曼玉真是风骚啊,当时觉得太cult了！,有眼不识金镶玉，当然不是说这里的老板娘，张曼玉的角色真的很百变，可温婉可风尘可纯真可忧郁，似乎没有她驾驭不了的角色了。
猜火车,8.5,330626人评价,https://movie.douban.com/subject/1292528/,墮落也需要天分。,"每个真理让人安宁，不是吗？如同坟墓。每个人都奔向它。 一直认为《猜火车》的片头是最棒的。
 
",我有时候想不明白，吸毒的人，到底是因为太不快乐，而是太快乐。,口音太强大 求循环十遍洗脑 从此用上了最潮款的苏格兰乡下口音,说实话，我真不好意思把这电影加进来，因为好多缺货都拿它当作粉饰太平的伪装！~
源代码,8.4,581185人评价,https://movie.douban.com/subject/3075287/,如果结局停在那一吻我就给四星半了。,一部商业片，一部穿越剧，救无辜百姓于水火，顺便谈谈风月，这么老套，这么制式，为什么竟能如此触动人心?,太憋屈了，不是太空舱就是火车厢，幸好他最后出去了，要不得憋死我,Inception+Groundhog Day，现实和记忆是相辅相成的，只要能生存的有意义管它是哪里，何况这本身就是一个平行宇宙。结尾定格在静止画面时才是真正完美的结局，之后几分钟剧情完全可以忽视。,结尾又狗血了。
谍影重重,8.6,298423人评价,https://movie.douban.com/subject/1304102/,喜欢Bourne的冷静。当Matt Damon打开银行的保险柜时，我突然发觉，世界之大，持有三样东西便可畅通无阻：金钱，身份（也可理解为地位），枪（强权）。要求自己象特工一样生活显然是很辛苦且不切实际的，然而，有些时候，特别是面对危机，试着用特工的思维方式去看待问题也许会很有效，特别是对于男生。,"马特达蒙的外貌在帅哥扎堆的好莱坞实在不算起眼,却又如此特别,总能为你喜欢他找到一个理由.他演天才,演间谍,演神偷,睿智,冷静,从容,身手敏捷,眼神偶尔忧郁,偶尔深情,偶尔锐利充满警觉,走路时姿势总是很怪异,他不常笑,但不经意展露笑容时,会觉得他的笑像孩童般天真,那么有感染力,一不留神已被他俘获",简洁有力,只有动作片，才能如此深沉霸气地表达人类的困境吧！,最后一个杀手内忧郁的眼神呐~~~~
战争之王,8.6,252122人评价,https://movie.douban.com/subject/1419936/,如果有六星，我会打的,记得住的几部片子之一~很羡慕主角~并不觉得他失去了什么~,还行吧，记录了一个超级军火商的职业生涯、生活、以及心理状况等等，其实这些东西主要还是为了讽刺世界上的灰色政治与背后的政府，归根到底，说反战也好，说晦涩的批判也好，最后都看明白了，就得了，算比较平铺直叙的东西。,记起深夜独自观看这部片子，巨大的投影幕前..一个关于俄国移民铤而走险，爱上人，走大运，终于离开心爱的孩子，变得无比冷酷，被抓却又被体制放生的故事——尤里特地将生意和生活分得很开，但无论是弟弟还是妻子、家庭，一次又一次地卷进去.最后不得不丧人性.孩子拿着铁丝弯成的枪射击，暗示颇深远,灰色行业翘楚的半传记性质影片，与性书大亨、烟草之王相似，具备了成功的人物塑造与微妙的道德讨论。（小记：弟弟维的自毁心理与纯真的素食者如出一辙，身为生产消费中堕落且重要的一环，痛改前非，蚍蜉撼树，但请不要忽视渺小个体的反抗，因为那是一种非常难得的道德自觉。）
青蛇,8.5,347660人评价,https://movie.douban.com/subject/1303394/,九三年的徐克真先锋,李碧华的爱情模式，得而失才让情更刻骨，碎彻底才让痛更铭心。青蛇与法海交欢的戏藏得够深，很有佛理。,两人的“扭啊扭”到现在我都还记得。,特技算什么，再爛的特技也不能阻止一部牛片兒的誕生……,红玫瑰与白玫瑰——青蛇与白蛇——许仙与法海。诱惑的两面。
地球上的星星,8.9,141342人评价,https://movie.douban.com/subject/2363506/,为什么一定要成为全才，为什么一定要有出息，不会拼写有什么关系，不会系鞋带又有什么关系，你懂得什么是想象，你能画出美丽的池塘夜色吗。要相信每个人都有别人无法超越的那一面，可悲的不是有其他方面表现的比别人差，而是有些人一辈子都发现不了自己最闪光的那一面。喜欢最后一幕ishaan奔向nikumbh，脸上泛着喜悦与自信的光芒。,每一个镜头都寓意很深，他的才华有目共睹。看这部电影的时候，我想很多人都会有强烈的代入感想到自己的童年吧？小时候，在家长的压力下，不得已放弃那些看似幼稚却是我们心中真正渴望表达的东西。在既定的规则下，我们失去了儿时的那份纯真，逐渐沦为社会规则的牺牲品。★★★★★,看了三个白痴以后很喜欢 Aamir Khan，为了看他才看的这部电影，结果没想到看到他之前先得忍受50分钟的死孩子。。。虽然这个孩子有阅读障碍，其实叛逆只是一种反抗，但是死孩子就是死孩子。孩子他哥美好到有点儿假。PS：配乐不错,这是我看的阿米尔汗的第一部电影，其实每一个孩子都是一颗星星，都有自己的闪光点，我们应该去发现。,谢谢阿米尔汗，赐予这个夜晚温柔的力量。它有成长的欢欣，兼得教育的鼓舞。五彩斑斓的童真，透过顽皮的镜头闪过，值得再三回味。
城市之光,9.3,81371人评价,https://movie.douban.com/subject/1293908/,"""在她的眼睛未被治愈的时候，她说，“他不仅仅是个有钱人”，而当她的眼睛被治愈的时候，她是否还会说出这样的话语，在结尾处，一个笑容，将所有的想象留给了我们。 当她终于可以目睹这座城市的光芒的时候，她是否还可以感受到一个人内心的光芒？""",永远的小人物，伟大的卓别林。,"卓别林兼任出品人、制作人、监制、导演、主演、配乐、剪辑，结果一个奥斯卡提名都没有。
卖花女一点不瞎，瞎的是奥斯卡评委。",卓别林伟大之一点在于，哪怕经受过那么多苦难，他还是相信每个故事都会有光明的结局。卖花女问他：“是你吗？”我总觉得他会苦涩地摇头，然后转身离去。爱情是黑暗城市的光芒，善良也是，可是城市其实并不相信这些。,【B+】说实话，卓别林式的幽默放到今天确实有些过时了。但幽默并不是卓别林电影的唯一意义，剧本放到今天来看都很棒，对小人物的刻画也是一如既往的出色。不过还是更喜欢摩登时代
血钻,8.6,238533人评价,https://movie.douban.com/subject/1428175/,这部片子让我记住了leo的演技。,来昂非凡的演技，非洲大陆的美丽风景和血腥现实。,如果早拍10年并换个更有质感的女主，比如年轻时的梅里尔斯特里普，这部片应该能成为另一个走出非洲。除了探讨血钻主题，事实上影片也探讨了很多其他的宏大命题如战争、儿童兵、不绝对的正义与邪恶、生命的意义等。且并不显得突兀，很好的融合在剧情里。剧本有张力，Leo表演很赞。后半程配乐不错。,没有买卖就没有杀戮，这样的非洲是我不曾了解的！,影片并非毫无瑕疵，也确实不够深刻，但在同类题材中已是翘楚。非洲的种种深重苦难、内战和血钻的残酷来历都令人震撼，片中还借女记者之口自讽我们都在消费别人的痛苦，一语中的。剪辑和摄影都可圈可点，小李子演技好到让我第一次真正喜欢上他了。故事本身十分沉重悲怆，詹妮弗康纳利太养眼。（8.8/10）
浪潮,8.7,194772人评价,https://movie.douban.com/subject/2297265/,“他们无法理解法西斯主义，但突然间，他们就成了这场运动的一部分”，有些事情不是有理智就能够分辨清楚的,“还有，发言的人必须起立”“有点过分了吧！”,世界离独裁只有五天。让我们回到1967年4月克柏莱中学的那场试验。就在试验结束之时，罗恩•琼斯对他的学生说：“和德国人一样，你们也很难承认，竟然做得如此过分，你们不会愿意承认被人操纵，你们不会愿意承认，参与了这场闹剧。” ---作者熊培云 ，原载《凤凰周刊》,如果把背景放到我们天朝，除去发传单的反对者会被悄悄处理和不会有结尾外这个电影就成纪录片了。,存在即是合理，没有什么主义生来就带着正与邪，集权主义相比自由主义，首先在效率上就是天上地下，对于弱势群体的保护也是自由主义不能相比。为什么最后会走偏，症节就在人的劣根性，这是无解的！马克思哲学提出以变化发展眼光看问题就是这个道理。有人参与其中的任何思想或运动，到最后一定会脱离初衷
朗读者,8.5,359426人评价,https://movie.douban.com/subject/2213597/,“只有一件事可以让灵魂完整，那就是爱！”男孩流着泪的脸经过隧道的阴影，变成了男人，但对她的爱从未消逝，从十五岁开始，一直到她死。甚至他死。,要不是那天的呕吐，也就不会有这么一段爱情。,这片不用德语就是先天性第一大败笔。改编没做好，知识分子气十足的小说被TMD改成了情色片，sigh，书还是很不错的。,"上、下部跳tone太厉害。影片末尾真是累赘至极。
有一个镜头很美，汉娜离开后，麦克在湖边，他脱了衣服，把脚放到湖中，幽幽的湖水裹住他苍白的脚。这个镜头很独特。(为什么独特我说不上来，我只能感觉到。应该要把抽象的感觉化为理论的东西，我仔细想想。)

还有，汉娜到底有没有罪？虽然良知薄弱，但片中教授说到，主导我们生活的是法律，法律要的是证据。
道德虽广，但毕竟抽象；法律狭隘，但约束力强。
在...",一个美丽而哀伤的爱情故事，一个纳粹罪与罚的故事，一个背负德国年轻一代与老一辈心结和情感争扎的严肃故事。很迷人，很动人，很感人。t6e523e2ad
彗星来的那一夜,8.5,336609人评价,https://movie.douban.com/subject/25807345/,「量子力学的平行多宇宙学说，在交叉小径的花园里总会有一条路，让人们在生命中的每一个节点都得到幸福。 在每一次铭心刻骨的选择里，总有一个你选对了路 。在茫茫的恒河沙数的宇宙里，总有一个你，终生幸福。」所以，最后我选择了，留在那一个看似最好的版本，不惜干掉另一个“我”。,没觉得有什么“烧脑”的，有的只是人类共享的对未知维度的震撼和恐惧。结尾毫无防备地从科幻硬是升华出了人性。强烈推荐这部画面烂到不如DV短片却出奇有力的作品。,平行时空不稀奇，神奇的是各路平行时空的交汇之后混乱的生活，看完真的有点恐怖。★★★★☆,前面有点难看，最后几分钟有被惊喜到，女主找到了平行空间里最好的男主，却杀死了最好的自己。,不知道我还是不是我。睡一觉，过一晚，说不定旧我早已被此刻打字刷豆瓣的我杀死调换，因为据说梦是平行世界的记忆显现。把自己敲死挖坑埋了这种念头，估计谁都有过。总觉得会有个更好最好的自己，也是种心魔吧，得治。反正不管有多少个平行世界存在，我敢肯定，那些我不认识的我也都爱涮海底捞小肥羊。
步履不停,8.8,168183人评价,https://movie.douban.com/subject/2222996/,人生就这么步履不停地前行着，那些舍得的舍不得的人和事总会一一远去，以至再也无法望见。你可能偶尔怀念，也可能丢了命似的道不了别。,不知道什么时候起，一看到这种生活流的电影就泪如泉涌走不动路。人间烟火的气息，代代步履不停...,试图用一个特殊的日子来讲述横山家数十年来的漫长岁月，不运用任何插叙，只是让时间一点点流过，从各人间的对话中了解这个家庭久远已逝的一切哀痛压抑温馨喜悦，然后日子还得淡淡前行。每个人物都刻划得立体有力，但是片长四分之三再往后有些情节：如蝴蝶入屋、孩子晨祈愿、多年后生孩子也开车等稍刻意,听说蝴蝶如果能够熬过一个冬天，来年就会变成黄色。从此，我每次看到黄色的蝴蝶，心里就会难过。,结尾匆促、做作了些，否则更加好。这才是好的文艺片，静谧、克制、幽长、绵里藏针。表演非常细腻。最喜欢的一句台词是，带着儿子改嫁的母亲对儿子说：“他（继父）会缓慢而坚定地成为你身体的一部分。”这恐怕就是一代一代向死而生，生活百般复杂和磨难，人们却步履不停的支撑：家庭、一体。
疯狂的麦克斯4：狂暴之路,8.6,349304人评价,https://movie.douban.com/subject/3592854/,除了燃，Mad Max 4还说了一件事。背井离乡七千天，无一日不惦念。不论眼下多苦，相信只要回头就有希望，因为那里是丰饶的绿洲。但这终究只是个幻觉。离开家乡越久，幻觉越严重。你以为逃离能解决一切，但真正的胜者不是寻找green land的人，而是改变wasteland的人。,实在还是有点不能接受这导演还拍了快乐的大脚。。。到底有多分裂才能在这两种风格之间转换啊！2015最酷爽，真·速度与激情,简直high爆了，前三十分钟已经让人目瞪口呆好几回了，但这电影基本没有要停下来的意思啊，如果一定要分成五六段的话，每两段之间的文戏只有大约三十秒，然后又开始High。。汤老湿前三分之二都没啥台词已经被帅cry，后面掀翻史上最炫酷公路乐队之后开始有台词了完全让人招架不住嘛！,教无脑CG片做人的节奏。,#Cannes2015#酷到没边，帅到爆炸！乔治米勒把好莱坞动作大片的场面设计提到了一个新高度，追车戏花样繁多高潮接着高潮，全程无尿点，沙暴戏一段场面特效颜色最赞，文戏感情戏点到为止。汤老师和塞隆都帅到让人不能自抑。IMAX请必刷！燃到爆，疯狂至死！
色，戒,8.4,449678人评价,https://movie.douban.com/subject/1828115/,男人是政治的动物，女人是情感的动物。李安用床戏“将易先生的内心活动外在化，外显他的恐惧、他的愤怒和挫折。你可以形容一个人如何不具备相信别人的能力，但更绝的是让他在高潮时都不敢闭上眼睛” “如果说断背山是一段发生在天堂里的爱情，那色戒就是来自地狱的爱情。”——李安,汤唯太美，沉静自持。整个电影紧张饱满，眼角眉梢没有一出不是戏。,恍惚间，她相信他爱她。,好一个汤唯,李安的控制、梁汤和几个配角的表演，台词，场景，摄影，剧本，音乐，都几近完美。非要挑骨头的话，大概就是抗日大背景交待不够，无法形成王佳芝愿意作如此牺牲的充足理由。
遗愿清单,8.6,243484人评价,https://movie.douban.com/subject/1867345/,笑了三分之二，最后开始落泪。你亲吻了世界上最美的女孩，你们的故事成为别人见过的最美的传奇。,在电影最后卡特的念白声中，科尔来到女儿家，俯身亲吻美丽的孙女，随后划去“亲吻世上最美的女孩”，我就开始哭，一直哭到电影结束，太温暖了，这个故事仿佛离我很远啊，可我为什么会被感动成这样子。,渐入佳境，直击心灵。老卡特的问题：在你的生命中，是否有过欢乐？那你这一生，有没有给别人带去快乐？爱德华的经验：想尿别谦让，硬了就快上，屁要小心放！,"so one day when i go to some final resting place,if i happen to wake up next to a certian wall with a  gate i hope that you are there",就算得了癌症，在连走廊都是病床的国内医院，你周围都是治不起病或是医保结算的老百姓。所以别做梦了，你的邻床不会是亿万富翁，有遗愿就好，别列什么清单，都是美好的夙愿而已！虽然感觉片中景点都是电脑特效，但我还是当风景片欣赏了这般美好。也的确被片子感动到了，这就是好莱坞+老戏霸的魅力。
大佛普拉斯,8.7,250157人评价,https://movie.douban.com/subject/27059130/,有佛无慈悲，有性无爱，有法律无公正，有警察无正义，满满的绝望。“当然有困难...对他们来讲，无论是出太阳还是下雨，都会有困难，但他们没办法去想生命的困难...社会常常在讲要公平正义，但在他们的生活之中，应该是没有这四个字，毕竟光是要捧饭碗就没力了...”,"树顶仔一只虎头蜂，
导演仔一个骑墙派，
莲雾开花满树红，
电影色彩阶级学，
有钱人的世界是彩色的，
三餐海产呷鱼块，
假发一天不戴不安心，
闽南三尺有神灵，
大佛肚中众生相，
一口一个阿弥陀佛，
一口一个干你娘，
念念不忘，
必有回响～",有点茶馆听说书的感觉。市井乡氓的卑贱生活，乱象丛生的台湾社会，咿咿呀呀的旁白带来拍案惊奇的效果。在低俗猥琐中接地气，在黑色荒谬中怜悯，人生已是烂泥打滚，揣着一颗佛心才能普度——对小人物来说，平安是福...,5.0。1.有钱人的世界是彩色的，于是黑白有了难得的意义。2.大佛“垂头丧气”之说+1。3.放浪形骸的行车记录仪，游民肚财的秘密基地，送葬路上涨漫的水泽。4.我们已经可以依靠科技进入外太空，却依然无法走进一个人内心的宇宙。4.年度最佳结尾，非它莫属。,放在华语片大年依然是一骑绝尘的好 诙谐过后透着悲悯 前50分钟是小聪明 后50分钟是大智慧
小萝莉的猴神大叔,8.4,331808人评价,https://movie.douban.com/subject/26393561/,近期唯一泪眼朦胧的电影，不能说电影拍的有多好，只是题材上升到了一种高度，宗教，政府，国家其实都是为人服务的，在爱的面前，这些都要让路，人性是能冲破这种种隔阂最后让奇迹出现发出呐喊声音的，也能判断是非对错的，哪怕那些违犯法律，制度，可这尊重人性，最后的最后那场景的确很震撼。,虽说故事距离现实太遥远（印度教与穆斯林的冲突，社会安全状况），但电影拍得真的很好。故事讲得好，很感人，某种意义上很真实（如果不是真的了解印度）。歌舞片段很节制。配乐烘托到位。自然环境的呈现直追BBC。能把主旋律拍成这个效果，堪称神作。,难道是政治阻止了爱？圣母婊以为爱可以战胜一切,5星拿走！每天活的够现实了，你还要求电影里处处现实干什么呢。预祝拿奖。,在真正深切的爱意与人性的光芒之下，一切由于偏见和狭隘而被塑造出来的障碍——不同的信仰、对立的政治、分割的土地，都不再重要。
再次出发之纽约遇见你,8.5,285669人评价,https://movie.douban.com/subject/6874403/,电影院里坐我前面的男子，每当音乐响起时，都会打开QQ音乐的曲目识别，我很想告诉他，你每一次搜到的歌，都收录在同一本原声带里,电影给4星，歌曲加一星。原声带真的是要进入本年度最佳电影原声候选了。,无论从故事、表演还是音乐上，都明显超越了7年前的Once，说不如的无非是出于怀旧罢了。Keira Knightley的唱功是唯一的短板。OST必入。,#SIFF# 对不起Mark叔太adorable了我满脑子都是“啊啊啊啊啊”，在天台弹贝斯的地方啊啊啊啊啊啊啊站在镜头边缘我也只看见他啊！歌非常非常好（反正歌一好我就会冲动给高分别理我）！情节不像once那么散，城市环境音的想法很有趣+乐队成员间的dynamics酷毙了！,我好喜歡這部電影，連討厭的凱拉奈特莉都變得順眼起來。John Carney有一顆青春之心，否則怎能如此浪漫寬容？結尾女主角選擇了重新開始，一段更加自由，嶄新的生活，反高潮之餘平添一份暖意
追随,8.9,124890人评价,https://movie.douban.com/subject/1397546/,这片居然不是双重人格！太脱俗了,诺大神的处女作就这么牛逼了……,我就是那种讨厌的不爱看故事的人怎么着了？特别是以创造意外结局和玩儿叙事为终极目的的片子。,在走入社会之前看，很是及时——这是场充满残酷美学意味的游戏，最致命的陷阱就是自以为是！,Nolan天赋之作，之后的作品太工于技巧而丧失味道了。
聚焦,8.8,198876人评价,https://movie.douban.com/subject/25954475/,明年的奥斯卡最佳影片和最佳改编剧本的最大热门，不仅三观正，片子的完成度也非常高！片子的拍法和这群新闻人很像，客观冷静理性，干净利落不煽情，剧本是非常传统的类型片叙事套路，既扎实又踏实，剧组的团队精神就像精彩的群戏表演，没有任何主创抢风头，凝聚到一起却力量十足，让人敬畏。★★★★,唯冷峻克制的表达，更具“于无声处听惊雷”的震撼效果。,事件的真实性震撼人心！对系统的拷问，对记者工作的刻画（比较更戏剧性的Newsroom)，对事件进展本身的关注而不是沉溺于廉价的抒情，对几位主要记者不同角度不同态度的有节制的描绘，都为此类社会传记剧情片的最高标准做出了表率。不断询问something bigger，我想这该是一切艺术形式的终极责任。,一部非常沉稳扎实的investigative thriller，再现聚焦报道组调查大批天主教神父性侵儿童丑闻的攻坚过程，原报道曾获普利策奖，电影也如厚重的纪实文学，抽丝剥茧，丝丝入扣。基顿、鲁弗洛不动声色展露极高表演水准，麦克亚当斯状态也不错，片很有奥斯卡相。基顿在办公室尽头接电话一声喂聚焦，收尾太棒,“有时候我们都很爱忘记，大多数时候我们都是在黑暗中磕磕绊绊，突然天亮了，而人们却开始相互指责。”那一天早上，报道发出后，“聚焦”小组办公室的电话突然被打爆了。对记者而言，揭露真相永远是第一位的，可是这部电影在记者调查事件真相之外还讲述了“沉默的螺旋”机制以及囚徒困境，同样值得深思
东京物语,9.2,85690人评价,https://movie.douban.com/subject/1291568/,刚到东京的时候，妈妈说：“原来东京这么近。”决定离开东京的时候，妈妈说：“东京真的太远了。”,东京那么大，如果有一天走失了，恐怕一辈子不能再相见……,片中的纪子，好善良美丽的女人，一个完美的日本女人。,"坟前难进孝子之心
生活平淡的让人揪心
",电影在流逝之外，人的变化在流逝之外。还有，这世界真让人灰心。
一次别离,8.7,188702人评价,https://movie.douban.com/subject/5964718/,四个字：好！看！到！爆！全片只有最后的一点钢琴声作为配乐，但是跌宕起伏得揪心，人性信仰深刻得刺耳！,4.5。一次即永恒！①着意隐去匠气，还故事以挚诚本真，唯象征私隐于后。②一席黑头巾掠过楼道、车流。③隐匿于镜头外的西方理想国。④你怎么敢看着我的眼睛撒谎！⑤古兰经的存在一度置瑞茨于人性罪责和信仰之间，如替老人洗澡、告白真相等。⑥玻璃门之隔。,一个战争与宗教包围着的国度奉献的一部佳作，可以称之为实至名归的金熊奖最佳影片。大量的手持镜头，用客观而冷峻的镜头讲述着两个平凡家庭的琐碎与冲突，人物刻画入木三分，故事的悬念更是凭借着适当的掌控丝丝入扣，直到电影完结仍使观众处在情绪当中。★★★★☆,格局无需大，笔触只要深。,这是我第一部伊朗电影，很幸运遇上这么棒的一部。撇开外面世界的动荡，而是关注2个普通家庭的矛盾。代入感特别强，完全置身于这一次冲突。宗教，信仰，坚持，无一不回味无穷。当我们没有一本可以用来起誓的《古兰经》时，你用什么来约束自己？
驴得水,8.3,623235人评价,https://movie.douban.com/subject/25921812/,幸好有个民国，不然借古讽今都没有抓手,过去的如果就让它过去了，未来只会越来越糟！,普通观众全嗨了，说这才是国产佳作;电影专业人员全崩溃了，说这是舞台剧不算是电影。讲真，我觉得当一个作品只剩下它的形式能被人吐槽的时候，已经足以证明其成功。不管它是啥，哪怕我是去电影院看话剧了，我还是觉得，甚好，没错过这个乌龙甚好。,悲叹的是被压迫的是女性，欣慰的是觉醒的也是女性,这个笑话还真把我看哭了，惊喜之作，比夏洛特烦恼的故事高明，但电影感较弱
黑鹰坠落,8.7,198840人评价,https://movie.douban.com/subject/1291824/,这里没有《拯救大兵瑞恩》的煽情回忆，也没有《现代启示录》的痛苦反思，有的只是战争，真实而残酷的战争！,这是我看过的美国战争大片中最为经典的一部,发现这种突击类枪战片的翻拍总有丧尸片的气质，不怕死而且打不完。真实又恐怖的战争，弹壳如雨点般飞落。,老美视角而已,16年之后（2017年）再看这部电影，更能体会到它的伟大——它开创的现代战争片电影美学，迄今没有人能够超越。
我爱你,9.0,102029人评价,https://movie.douban.com/subject/5908478/,他们是我看过最帅和最漂亮的四位男女主角。,有些爱情，只有死亡能把它隔断；也有些爱情，它能把死亡也隔断。,我曾经也想那样老去,不论到了何时，都不该失去爱的勇气和能量。如若是我，我会选择跟爱人一直走到生命尽头，并一同死去。下辈子能不能重新再在一起？这个答案交由老天来定断。,这样的片子 韩国好会拍啊 眼泪止不住流
千钧一发,8.8,160613人评价,https://movie.douban.com/subject/1300117/,"“我只是把身体给了你，你却让我分享了你的梦想”。（BTW：Original Music by 
Michael Nyman）",为什么只有5星？全宇宙的星辰都属于你。,一个凄美的基情故事,大唐读完《三体》之后，连呼“太真实了”，从某方面来看，科幻的确是一种现实主义，只不过它叙述的不是过去的现实（历史），而是叙述现在和未来的现实。尤其是生物科学，它所衍生的伦理道德、社会问题直接关乎人类的生物性基础，虽然电影本身的故事和节奏略显平慢，但是主题本身的冲突性就已足够抓人了,"I only lent you my body,you lent me your dream 以及so Jeremo will always be here when you need him 搅基大亮 以及越来越觉得Ethan  Hawke是萌物了…"
发条橙,8.5,269867人评价,https://movie.douban.com/subject/1292233/,我也想买那个瓷的大JJ,经典的3p节奏..漂亮干净的画面,“我完全康复了”,人性本恶，不要太凶残，也不能太软弱。社会体制本身就是反人性的，被利用的。,成功预言了杨永信的电击疗法。
E.T. 外星人,8.6,245397人评价,https://movie.douban.com/subject/1294638/,无比美好的科幻童话，触动心底那最柔弱的神经。,精力充沛的下午硬生生看睡着了，没什么可说的。这片儿说的是一特善良的小男孩的故事吧，那这点还可以,电影超越一切隔阂，以一个单纯却永恒的故事打动人心，片中童话般的情节和寓言式的启示让观众笑中带泪。,"初中毕业的那一年，正好是20周年。和姐姐一起去艺都看的。
当时只恨没带面巾纸……哭S了。","斯皮尔伯格的温情科幻童话。1.摄影考究,ET与Elliott主观视角镜头纵贯全片,柔焦与梦幻布光。2.金属钥匙碰撞作为声音符号。3.双人舞场景迷幻朦胧,垫脚男孩=花式虐狗?4.单车翱翔于银色月光下,童年的美好梦境。5.初次相识的手势模仿与[德州巴黎]父子复认的倒行相映成趣。6.盆花的荣枯牵动人心。（8.8/10）"
网络谜踪,8.6,359455人评价,https://movie.douban.com/subject/27615441/,看到结尾回想起一个细节，妈妈电脑里保存的班级电话簿，上面有真凶的联系方式来着，备注写着：家长在警局工作，离异家庭，喜欢玛格。,非常新颖的表现形式，整个故事都在电脑屏幕上完成，节奏感把握得极好，多处反转出人意料，想起前面的铺垫又觉得顺理成章，悬疑的氛围持续到结束。影片中各式social media玩得极溜，导演说想要通过影片表达网络有时候也不全是negative的。五个主创拍片十三天却在电脑前剪了两年！,不要随随便便就死掉，不然马上会有人变成你最好的朋友。,Amazing! 剧本写得太好了，千回百转。几乎没有实景拍摄，但节奏感超强。这种拍摄方式真的太省成本了。,啊 真的好厉害 哎 真的很厉害 学长终于接了一部超棒的片 非常显演技了（。
四个春天,8.9,109779人评价,https://movie.douban.com/subject/27191492/,真挚的记录，有一对普通老人能遇到的欢乐：香肠熏得好，燕子回巢，邻人送来腊梅苗，「闹热」。也有一个中国家庭能遇到的悲痛，这些我的祖辈也有，但十多年来一直被大家刻意回避掉了。片子叙述极为简洁朴素，没有任何刻意的技巧。凝练了日常生活的韵味，又高于日常生活，这个家庭的生活自有旋律，就像那些餐桌边、山野里、病榻上、坟前、旧视频里响起的歌声。,观影完，有人说想到沈从文笔下的湘西，但我第一反应想到的倒是《徒然草》里的一句话：“仔细想来，我在世上已经了无牵挂，只对于时序节令的推移，还不能忘怀。”时光迁流、景致变化，在东亚文艺传统中原就包含了最深的人生感受。日本电影《古都》也是。现在倒是中国人多失去了这种敏感。,家庭私影像，两个老人的生活态度很棒，特别让人羡慕。这样的故事会让很多感动，是因为，这其中的夫妻关系与生活态度，恰好是很多人不曾有，却又非常向往的。,"1.之后二刷的时候，一定要掰着指头数饭爹饭妈会的技能数量！
2.这是史上最高级的征婚广告吧？看到这样的婆家，如果我是女的，脑海里就一个字：嫁！
3.由于饭叔比我大一辈，所以看片的时候就特别想我的外公外婆，太多相似了：写字、做香肠、拜坟😭
4.人到老了，一定一定要诗意栖居。有工作的时候，估计是没办法做到的😭",很多好的纪录片都是由意外撑起来的，中间的大事给了前后叙事以支点。而且因为这家人一直被拍拍拍，镜头前的人都很自然。没什么手法可言，主题非常社会主义核心价值观（有意或无意），但是这种纪录片题材有趣就撑起了一大半：两个老人真的太可爱。
撞车,8.6,242330人评价,https://movie.douban.com/subject/1388216/,《断背山》因你与奥斯卡失之交臂。,多走线接近完美的剧本在美国其实并不少见.但仍旧不理解为什么断背山会输给它.,CRASH，不仅是撞车，更是种族、人性的冲撞。沉重地我只能一再一再叹息。,有点太假的感觉。,表面上是在探讨种族间的偏见与冲突(crash)，本质上是在讲人性的和解与救赎(touch)。
变脸,8.5,307092人评价,https://movie.douban.com/subject/1292659/,当发哥的风衣、墨镜出现在了凯奇身上，当凯奇在教堂唱起“哈利路亚”，我完全被他迷倒了~~,原来是吴宇森作品，看的时候还奇怪外国人是怎么想出这个复杂的事情的，而且还能看到《英雄本色》和《喋血双雄》的影子。。。,永远也不要玩王子与贫儿的游戏(医生真是负责，肚子上的肥肉也被送回去了?),说实话，换脸变成另一个人是一件很可怕的事，想一想在变成另一个的时候可以无视道德和法律的约束，会不会在变换的过程中迷失最初的自己,确实好看呀，我喜欢特拉沃尔塔~
梦之安魂曲,8.7,158827人评价,https://movie.douban.com/subject/1292270/,一场没有春天的噩梦,其实人和人的生活是很脆弱的，很容易分崩离析。欲望是快速的，惩罚却来日方长。,生活都是谎言，只有梦能带来安稳；爱 健康 快乐 都去死吧。,"黑色的，意识流的，充满绝望的，字幕的最后几分钟却是平静的海浪声。（FOR　BETTY　WITH　LOVE
1908－1999）",一如既往的匠气，视听则非常过度，不是重口味而是语言上不知节制堆砌的差品味。剧本是典型自以为高明的美式多线程，无非是形式填塞浅薄内容表率。这种胡里花哨噱头电影最经不起时间考验，因为充满了可学视觉技巧，大家都玩烂之后，就会写满了过时两个字。
